[
  {
    "model": "users.customuser",
    "pk": 1,
    "fields": {
      "password": "pbkdf2_sha256$260000$KjelrmNP13xJ9V5H9LukHM$it0FFNUenhfj8L+k8ezAij2xqs9GEQ1OQLmOKkVvyqM=",
      "last_login": "2021-08-17T09:53:36.108Z",
      "is_superuser": false,
      "username": "test",
      "first_name": "",
      "last_name": "",
      "email": "test@gyana.com",
      "is_staff": false,
      "is_active": true,
      "date_joined": "2021-07-26T14:53:33.713Z",
      "avatar": "",
      "groups": [],
      "user_permissions": []
    }
  },
  {
    "model": "users.customuser",
    "pk": 2,
    "fields": {
      "password": "pbkdf2_sha256$260000$N2BmQRuSSYGvpQnPKCw9fj$UhUCkfx7qdzWPNYP/XUbi3L4hvP5/7f+N4nmrqTPceM=",
      "last_login": "2021-07-27T12:09:55.602Z",
      "is_superuser": true,
      "username": "admin",
      "first_name": "",
      "last_name": "",
      "email": "admin@gyana.com",
      "is_staff": true,
      "is_active": true,
      "date_joined": "2021-07-27T12:09:25.731Z",
      "avatar": "",
      "groups": [],
      "user_permissions": []
    }
  },
  {
    "model": "users.customuser",
    "pk": 3,
    "fields": {
      "password": "pbkdf2_sha256$260000$GxH7SNPn0rTyr5oBBwd2th$LoeRmOzRhgkQ2t9Y+SBV6YO6sYFb/b5+vsfZ/KkOuyY=",
      "last_login": "2021-07-27T14:46:12.276Z",
      "is_superuser": false,
      "username": "alone",
      "first_name": "",
      "last_name": "",
      "email": "alone@gyana.com",
      "is_staff": false,
      "is_active": true,
      "date_joined": "2021-07-27T14:46:12.143Z",
      "avatar": "",
      "groups": [],
      "user_permissions": []
    }
  },
  {
    "model": "users.customuser",
    "pk": 4,
    "fields": {
      "password": "pbkdf2_sha256$260000$mzRk8DimFweyuPdaz1ZpOr$Wm/yfXGSKaJwG9zGEsLxLlWhsn8x0PRZCEWIrd7d8po=",
      "last_login": "2021-07-29T09:34:08.397Z",
      "is_superuser": false,
      "username": "member",
      "first_name": "",
      "last_name": "",
      "email": "member@gyana.com",
      "is_staff": false,
      "is_active": true,
      "date_joined": "2021-07-29T09:34:08.258Z",
      "avatar": "",
      "groups": [],
      "user_permissions": []
    }
  },
  {
    "model": "teams.team",
    "pk": 1,
    "fields": {
      "created": "2021-07-26T14:53:37.577Z",
      "updated": "2021-07-26T14:53:37.587Z",
      "name": "Vayu",
      "row_limit": "1000000"
    }
  },
  {
    "model": "teams.team",
    "pk": 2,
    "fields": {
      "created": "2021-07-26T14:53:37.577Z",
      "updated": "2021-07-26T14:53:37.587Z",
      "name": "Rows 15",
      "row_limit": 15
    }
  },
  {
    "model": "teams.membership",
    "pk": 1,
    "fields": {
      "created": "2021-07-26T14:53:37.584Z",
      "updated": "2021-07-26T14:53:37.584Z",
      "team": 1,
      "user": 1,
      "role": "admin"
    }
  },
  {
    "model": "teams.membership",
    "pk": 2,
    "fields": {
      "created": "2021-07-29T09:34:08.392Z",
      "updated": "2021-07-29T09:34:08.392Z",
      "team": 1,
      "user": 4,
      "role": "member"
    }
  },
  {
    "model": "teams.membership",
    "pk": 3,
    "fields": {
      "created": "2021-07-29T09:34:08.392Z",
      "updated": "2021-07-29T09:34:08.392Z",
      "team": 2,
      "user": 1,
      "role": "admin"
    }
  },
  {
    "model": "projects.project",
    "pk": 1,
    "fields": {
      "created": "2021-07-27T13:14:54.847Z",
      "updated": "2021-07-27T13:14:54.852Z",
      "name": "Cypress test project",
      "team": 1,
      "description": ""
    }
  },
  {
    "model": "projects.project",
    "pk": 2,
    "fields": {
      "created": "2021-08-10T07:28:33.668Z",
      "updated": "2021-08-10T07:28:33.669Z",
      "name": "Nodes",
      "team": 1,
      "description": ""
    }
  },
  {
    "model": "projects.project",
    "pk": 3,
    "fields": {
      "created": "2021-08-10T07:28:33.668Z",
      "updated": "2021-08-10T07:28:33.669Z",
      "name": "Rows 25",
      "team": 2,
      "description": ""
    }
  },
  {
    "model": "integrations.integration",
    "pk": 1,
    "fields": {
      "created": "2021-07-27T13:17:27.984Z",
      "updated": "2021-07-27T13:17:27.987Z",
      "project": 1,
      "kind": "upload",
      "name": "store_info",
      "state": "done",
      "ready": true,
      "created_ready": "2021-07-27T13:17:27.984Z",
      "created_by": 1
    }
  },
  {
    "model": "integrations.integration",
    "pk": 2,
    "fields": {
      "created": "2021-08-08T20:28:27.809Z",
      "updated": "2021-08-08T20:28:27.809Z",
      "project": 1,
      "kind": "sheet",
      "name": "Store info sheet",
      "state": "done",
      "ready": true,
      "created_ready": "2021-08-08T20:28:27.809Z",
      "created_by": null
    }
  },
  {
    "model": "integrations.integration",
    "pk": 3,
    "fields": {
      "created": "2021-08-10T07:30:01.375Z",
      "updated": "2021-08-10T07:30:01.375Z",
      "project": 2,
      "kind": "upload",
      "name": "store_info",
      "state": "done",
      "ready": true,
      "created_ready": "2021-08-10T07:30:01.375Z",
      "created_by": null
    }
  },
  {
    "model": "integrations.integration",
    "pk": 4,
    "fields": {
      "created": "2021-08-10T07:32:04.937Z",
      "updated": "2021-08-10T07:32:04.937Z",
      "project": 2,
      "kind": "upload",
      "name": "revenue",
      "state": "done",
      "ready": true,
      "created_ready": "2021-08-10T07:32:04.937Z",
      "created_by": null
    }
  },
  {
    "model": "integrations.integration",
    "pk": 5,
    "fields": {
      "created": "2021-08-11T14:07:41.075Z",
      "updated": "2021-08-11T14:07:41.075Z",
      "project": 2,
      "kind": "upload",
      "name": "pivot",
      "state": "done",
      "ready": true,
      "created_ready": "2021-08-11T14:07:41.075Z",
      "created_by": null
    }
  },
  {
    "model": "integrations.integration",
    "pk": 6,
    "fields": {
      "created": "2021-08-10T10:03:16.769Z",
      "updated": "2021-08-11T13:35:19.052Z",
      "project": 1,
      "kind": "connector",
      "name": "Heroku Postgres",
      "state": "update",
      "ready": false,
      "created_ready": "2021-08-10T10:03:16.769Z",
      "created_by": 1
    }
  },
  {
    "model": "integrations.integration",
    "pk": 7,
    "fields": {
      "created": "2021-08-10T10:40:23.584Z",
      "updated": "2021-08-10T13:34:45.844Z",
      "project": 1,
      "kind": "connector",
      "name": "Facebook Ads",
      "state": "update",
      "ready": false,
      "created_ready": "2021-08-10T10:40:23.584Z",
      "created_by": 1
    }
  },
  {
    "model": "integrations.integration",
    "pk": 8,
    "fields": {
      "created": "2021-08-10T10:40:23.584Z",
      "updated": "2021-08-10T12:01:16.317Z",
      "project": 1,
      "kind": "connector",
      "name": "Google Analytics",
      "state": "update",
      "ready": false,
      "created_ready": "2021-08-10T10:40:23.584Z",
      "created_by": 1
    }
  },
  {
    "model": "integrations.integration",
    "pk": 9,
    "fields": {
      "created": "2021-08-10T12:54:44.272Z",
      "updated": "2021-08-11T13:29:03.723Z",
      "project": 1,
      "kind": "connector",
      "name": "Shopify",
      "state": "update",
      "ready": false,
      "created_ready": "2021-08-10T12:54:44.272Z",
      "created_by": 1
    }
  },
  {
    "model": "workflows.workflow",
    "pk": 1,
    "fields": {
      "created": "2021-08-10T07:31:33.634Z",
      "updated": "2021-08-13T09:02:28.456Z",
      "name": "Untitled",
      "project": 2,
      "last_run": null,
      "data_updated": "2021-08-13T09:02:28.456Z"
    }
  },
  {
    "model": "filters.filter",
    "pk": 1,
    "fields": {
      "created": "2021-08-11T09:10:46.118Z",
      "updated": "2021-08-11T09:10:46.118Z",
      "widget": null,
      "node": 20,
      "column": "store_id",
      "type": "INTEGER",
      "numeric_predicate": "greaterthan",
      "float_value": null,
      "float_values": null,
      "integer_value": 5,
      "integer_values": null,
      "time_predicate": null,
      "datetime_predicate": null,
      "time_value": null,
      "date_value": null,
      "datetime_value": null,
      "string_predicate": null,
      "string_value": null,
      "string_values": null,
      "bool_value": true
    }
  },
  {
    "model": "tables.table",
    "pk": 1,
    "fields": {
      "created": "2021-07-27T13:17:23.768Z",
      "updated": "2021-07-27T13:17:28.357Z",
      "_bq_table": null,
      "bq_dataset": "cypress_integrations",
      "project": 1,
      "source": "integration",
      "integration": 1,
      "workflow_node": null,
      "intermediate_node": null,
      "num_rows": 15,
      "data_updated": "2021-07-27T13:17:27.679Z"
    }
  },
  {
    "model": "tables.table",
    "pk": 2,
    "fields": {
      "created": "2021-08-08T20:28:24.385Z",
      "updated": "2021-08-08T20:28:28.002Z",
      "_bq_table": null,
      "bq_dataset": "cypress_integrations",
      "project": 1,
      "source": "integration",
      "integration": 2,
      "workflow_node": null,
      "intermediate_node": null,
      "num_rows": 10,
      "data_updated": "2021-08-08T20:28:27.912Z"
    }
  },
  {
    "model": "tables.table",
    "pk": 3,
    "fields": {
      "created": "2021-08-10T07:30:01.880Z",
      "updated": "2021-08-10T07:30:05.251Z",
      "_bq_table": null,
      "bq_dataset": "cypress_integrations",
      "project": 2,
      "source": "integration",
      "integration": 3,
      "workflow_node": null,
      "intermediate_node": null,
      "num_rows": 15,
      "data_updated": "2021-08-10T07:30:05.119Z"
    }
  },
  {
    "model": "tables.table",
    "pk": 4,
    "fields": {
      "created": "2021-08-10T07:32:05.091Z",
      "updated": "2021-08-10T07:32:09.102Z",
      "_bq_table": null,
      "bq_dataset": "cypress_integrations",
      "project": 2,
      "source": "integration",
      "integration": 4,
      "workflow_node": null,
      "intermediate_node": null,
      "num_rows": 15,
      "data_updated": "2021-08-10T07:32:08.896Z"
    }
  },
  {
    "model": "tables.table",
    "pk": 5,
    "fields": {
      "created": "2021-08-11T14:07:41.598Z",
      "updated": "2021-08-11T14:07:44.919Z",
      "_bq_table": null,
      "bq_dataset": "cypress_integrations",
      "project": 2,
      "source": "integration",
      "integration": 5,
      "workflow_node": null,
      "intermediate_node": null,
      "num_rows": 2,
      "data_updated": "2021-08-11T14:07:44.801Z"
    }
  },
  {
    "model": "invites.invite",
    "pk": 1,
    "fields": {
      "accepted": true,
      "key": "ygr7agub5cippprocdbilirifuxzikuzrifk3cjur0pbdlovqv7mym5loz8mgtsm",
      "sent": "2021-07-29T09:32:54.990Z",
      "inviter": 1,
      "email": "member@gyana.com",
      "team": 1,
      "role": "member",
      "created": "2021-07-29T09:32:54.971Z",
      "updated": "2021-07-29T09:33:49.004Z"
    }
  },
  {
    "model": "nodes.node",
    "pk": 1,
    "fields": {
      "created": "2021-08-10T07:31:39.014Z",
      "updated": "2021-08-10T07:35:39.877Z",
      "workflow": 1,
      "name": null,
      "kind": "input",
      "x": 130.00086675371477,
      "y": 1680.0,
      "data_updated": "2021-08-10T07:35:39.873Z",
      "error": null,
      "intermediate_table": null,
      "input_table": 3,
      "output_name": null,
      "select_mode": "keep",
      "join_how": "inner",
      "join_left": null,
      "join_right": null,
      "union_mode": "keep",
      "union_distinct": false,
      "limit_limit": 100,
      "limit_offset": null,
      "text_text": null,
      "pivot_index": null,
      "pivot_column": null,
      "pivot_value": null,
      "pivot_aggregation": null,
      "unpivot_value": null,
      "unpivot_column": null,
      "parents": []
    }
  },
  {
    "model": "nodes.node",
    "pk": 2,
    "fields": {
      "created": "2021-08-10T07:31:49.994Z",
      "updated": "2021-08-10T07:32:53.406Z",
      "workflow": 1,
      "name": null,
      "kind": "output",
      "x": 430.0000090066662,
      "y": 0.0,
      "data_updated": "2021-08-10T07:32:53.404Z",
      "error": null,
      "intermediate_table": null,
      "input_table": null,
      "output_name": null,
      "select_mode": "keep",
      "join_how": "inner",
      "join_left": null,
      "join_right": null,
      "union_mode": "keep",
      "union_distinct": false,
      "limit_limit": 100,
      "limit_offset": null,
      "text_text": null,
      "pivot_index": null,
      "pivot_column": null,
      "pivot_value": null,
      "pivot_aggregation": null,
      "unpivot_value": null,
      "unpivot_column": null,
      "parents": [1]
    }
  },
  {
    "model": "nodes.node",
    "pk": 3,
    "fields": {
      "created": "2021-08-10T07:32:58.092Z",
      "updated": "2021-08-10T07:33:00.909Z",
      "workflow": 1,
      "name": null,
      "kind": "select",
      "x": 430.00098002782164,
      "y": 210.0,
      "data_updated": "2021-08-10T07:33:00.907Z",
      "error": null,
      "intermediate_table": null,
      "input_table": null,
      "output_name": null,
      "select_mode": "keep",
      "join_how": "inner",
      "join_left": null,
      "join_right": null,
      "union_mode": "keep",
      "union_distinct": false,
      "limit_limit": 100,
      "limit_offset": null,
      "text_text": null,
      "pivot_index": null,
      "pivot_column": null,
      "pivot_value": null,
      "pivot_aggregation": null,
      "unpivot_value": null,
      "unpivot_column": null,
      "parents": [1]
    }
  },
  {
    "model": "nodes.node",
    "pk": 4,
    "fields": {
      "created": "2021-08-10T07:33:08.633Z",
      "updated": "2021-08-10T07:33:11.853Z",
      "workflow": 1,
      "name": null,
      "kind": "aggregation",
      "x": 430.0006132304102,
      "y": 420.0,
      "data_updated": "2021-08-10T07:33:11.851Z",
      "error": null,
      "intermediate_table": null,
      "input_table": null,
      "output_name": null,
      "select_mode": "keep",
      "join_how": "inner",
      "join_left": null,
      "join_right": null,
      "union_mode": "keep",
      "union_distinct": false,
      "limit_limit": 100,
      "limit_offset": null,
      "text_text": null,
      "pivot_index": null,
      "pivot_column": null,
      "pivot_value": null,
      "pivot_aggregation": null,
      "unpivot_value": null,
      "unpivot_column": null,
      "parents": [1]
    }
  },
  {
    "model": "nodes.node",
    "pk": 5,
    "fields": {
      "created": "2021-08-10T07:33:18.823Z",
      "updated": "2021-08-10T07:33:28.498Z",
      "workflow": 1,
      "name": null,
      "kind": "sort",
      "x": 430.00037321984627,
      "y": 630.0,
      "data_updated": "2021-08-10T07:33:28.495Z",
      "error": null,
      "intermediate_table": null,
      "input_table": null,
      "output_name": null,
      "select_mode": "keep",
      "join_how": "inner",
      "join_left": null,
      "join_right": null,
      "union_mode": "keep",
      "union_distinct": false,
      "limit_limit": 100,
      "limit_offset": null,
      "text_text": null,
      "pivot_index": null,
      "pivot_column": null,
      "pivot_value": null,
      "pivot_aggregation": null,
      "unpivot_value": null,
      "unpivot_column": null,
      "parents": [1]
    }
  },
  {
    "model": "nodes.node",
    "pk": 6,
    "fields": {
      "created": "2021-08-10T07:33:21.412Z",
      "updated": "2021-08-10T07:33:32.042Z",
      "workflow": 1,
      "name": null,
      "kind": "limit",
      "x": 430.0002700237544,
      "y": 840.0,
      "data_updated": "2021-08-10T07:33:32.039Z",
      "error": null,
      "intermediate_table": null,
      "input_table": null,
      "output_name": null,
      "select_mode": "keep",
      "join_how": "inner",
      "join_left": null,
      "join_right": null,
      "union_mode": "keep",
      "union_distinct": false,
      "limit_limit": 100,
      "limit_offset": null,
      "text_text": null,
      "pivot_index": null,
      "pivot_column": null,
      "pivot_value": null,
      "pivot_aggregation": null,
      "unpivot_value": null,
      "unpivot_column": null,
      "parents": [1]
    }
  },
  {
    "model": "nodes.node",
    "pk": 7,
    "fields": {
      "created": "2021-08-10T07:33:35.104Z",
      "updated": "2021-08-10T07:33:38.806Z",
      "workflow": 1,
      "name": null,
      "kind": "filter",
      "x": 430.0008997000434,
      "y": 1050.0,
      "data_updated": "2021-08-10T07:33:38.804Z",
      "error": null,
      "intermediate_table": null,
      "input_table": null,
      "output_name": null,
      "select_mode": "keep",
      "join_how": "inner",
      "join_left": null,
      "join_right": null,
      "union_mode": "keep",
      "union_distinct": false,
      "limit_limit": 100,
      "limit_offset": null,
      "text_text": null,
      "pivot_index": null,
      "pivot_column": null,
      "pivot_value": null,
      "pivot_aggregation": null,
      "unpivot_value": null,
      "unpivot_column": null,
      "parents": [1]
    }
  },
  {
    "model": "nodes.node",
    "pk": 8,
    "fields": {
      "created": "2021-08-10T07:33:43.482Z",
      "updated": "2021-08-10T07:33:48.305Z",
      "workflow": 1,
      "name": null,
      "kind": "distinct",
      "x": 430.00080573033114,
      "y": 1260.0,
      "data_updated": "2021-08-10T07:33:48.302Z",
      "error": null,
      "intermediate_table": null,
      "input_table": null,
      "output_name": null,
      "select_mode": "keep",
      "join_how": "inner",
      "join_left": null,
      "join_right": null,
      "union_mode": "keep",
      "union_distinct": false,
      "limit_limit": 100,
      "limit_offset": null,
      "text_text": null,
      "pivot_index": null,
      "pivot_column": null,
      "pivot_value": null,
      "pivot_aggregation": null,
      "unpivot_value": null,
      "unpivot_column": null,
      "parents": [1]
    }
  },
  {
    "model": "nodes.node",
    "pk": 9,
    "fields": {
      "created": "2021-08-10T07:33:54.419Z",
      "updated": "2021-08-10T07:33:58.373Z",
      "workflow": 1,
      "name": null,
      "kind": "pivot",
      "x": 430.000825928377,
      "y": 1470.0,
      "data_updated": "2021-08-10T07:33:58.371Z",
      "error": null,
      "intermediate_table": null,
      "input_table": null,
      "output_name": null,
      "select_mode": "keep",
      "join_how": "inner",
      "join_left": null,
      "join_right": null,
      "union_mode": "keep",
      "union_distinct": false,
      "limit_limit": 100,
      "limit_offset": null,
      "text_text": null,
      "pivot_index": null,
      "pivot_column": null,
      "pivot_value": null,
      "pivot_aggregation": null,
      "unpivot_value": null,
      "unpivot_column": null,
      "parents": [1]
    }
  },
  {
    "model": "nodes.node",
    "pk": 11,
    "fields": {
      "created": "2021-08-10T07:34:30.965Z",
      "updated": "2021-08-10T07:34:34.624Z",
      "workflow": 1,
      "name": null,
      "kind": "edit",
      "x": 430.0009840475426,
      "y": 1680.0,
      "data_updated": "2021-08-10T07:34:34.622Z",
      "error": null,
      "intermediate_table": null,
      "input_table": null,
      "output_name": null,
      "select_mode": "keep",
      "join_how": "inner",
      "join_left": null,
      "join_right": null,
      "union_mode": "keep",
      "union_distinct": false,
      "limit_limit": 100,
      "limit_offset": null,
      "text_text": null,
      "pivot_index": null,
      "pivot_column": null,
      "pivot_value": null,
      "pivot_aggregation": null,
      "unpivot_value": null,
      "unpivot_column": null,
      "parents": [1]
    }
  },
  {
    "model": "nodes.node",
    "pk": 12,
    "fields": {
      "created": "2021-08-10T07:34:40.253Z",
      "updated": "2021-08-10T07:34:44.739Z",
      "workflow": 1,
      "name": null,
      "kind": "add",
      "x": 430.00029974124226,
      "y": 1890.0,
      "data_updated": "2021-08-10T07:34:44.737Z",
      "error": null,
      "intermediate_table": null,
      "input_table": null,
      "output_name": null,
      "select_mode": "keep",
      "join_how": "inner",
      "join_left": null,
      "join_right": null,
      "union_mode": "keep",
      "union_distinct": false,
      "limit_limit": 100,
      "limit_offset": null,
      "text_text": null,
      "pivot_index": null,
      "pivot_column": null,
      "pivot_value": null,
      "pivot_aggregation": null,
      "unpivot_value": null,
      "unpivot_column": null,
      "parents": [1]
    }
  },
  {
    "model": "nodes.node",
    "pk": 13,
    "fields": {
      "created": "2021-08-10T07:34:47.451Z",
      "updated": "2021-08-10T07:34:53.035Z",
      "workflow": 1,
      "name": null,
      "kind": "rename",
      "x": 430.0006319734317,
      "y": 2100.0,
      "data_updated": "2021-08-10T07:34:53.033Z",
      "error": null,
      "intermediate_table": null,
      "input_table": null,
      "output_name": null,
      "select_mode": "keep",
      "join_how": "inner",
      "join_left": null,
      "join_right": null,
      "union_mode": "keep",
      "union_distinct": false,
      "limit_limit": 100,
      "limit_offset": null,
      "text_text": null,
      "pivot_index": null,
      "pivot_column": null,
      "pivot_value": null,
      "pivot_aggregation": null,
      "unpivot_value": null,
      "unpivot_column": null,
      "parents": [1]
    }
  },
  {
    "model": "nodes.node",
    "pk": 14,
    "fields": {
      "created": "2021-08-10T07:34:55.755Z",
      "updated": "2021-08-10T07:34:59.053Z",
      "workflow": 1,
      "name": null,
      "kind": "formula",
      "x": 430.0001452432588,
      "y": 2310.0,
      "data_updated": "2021-08-10T07:34:59.051Z",
      "error": null,
      "intermediate_table": null,
      "input_table": null,
      "output_name": null,
      "select_mode": "keep",
      "join_how": "inner",
      "join_left": null,
      "join_right": null,
      "union_mode": "keep",
      "union_distinct": false,
      "limit_limit": 100,
      "limit_offset": null,
      "text_text": null,
      "pivot_index": null,
      "pivot_column": null,
      "pivot_value": null,
      "pivot_aggregation": null,
      "unpivot_value": null,
      "unpivot_column": null,
      "parents": [1]
    }
  },
  {
    "model": "nodes.node",
    "pk": 15,
    "fields": {
      "created": "2021-08-10T07:35:01.558Z",
      "updated": "2021-08-10T07:35:05.058Z",
      "workflow": 1,
      "name": null,
      "kind": "window",
      "x": 430.00090010981074,
      "y": 2520.0,
      "data_updated": "2021-08-10T07:35:05.055Z",
      "error": null,
      "intermediate_table": null,
      "input_table": null,
      "output_name": null,
      "select_mode": "keep",
      "join_how": "inner",
      "join_left": null,
      "join_right": null,
      "union_mode": "keep",
      "union_distinct": false,
      "limit_limit": 100,
      "limit_offset": null,
      "text_text": null,
      "pivot_index": null,
      "pivot_column": null,
      "pivot_value": null,
      "pivot_aggregation": null,
      "unpivot_value": null,
      "unpivot_column": null,
      "parents": [1]
    }
  },
  {
    "model": "nodes.node",
    "pk": 16,
    "fields": {
      "created": "2021-08-10T07:35:08.678Z",
      "updated": "2021-08-10T07:35:19.540Z",
      "workflow": 1,
      "name": null,
      "kind": "text",
      "x": 4.620979454024177e-7,
      "y": 2902.5,
      "data_updated": null,
      "error": null,
      "intermediate_table": null,
      "input_table": null,
      "output_name": null,
      "select_mode": "keep",
      "join_how": "inner",
      "join_left": null,
      "join_right": null,
      "union_mode": "keep",
      "union_distinct": false,
      "limit_limit": 100,
      "limit_offset": null,
      "text_text": null,
      "pivot_index": null,
      "pivot_column": null,
      "pivot_value": null,
      "pivot_aggregation": null,
      "unpivot_value": null,
      "unpivot_column": null,
      "parents": []
    }
  },
  {
    "model": "nodes.node",
    "pk": 17,
    "fields": {
      "created": "2021-08-10T07:35:33.088Z",
      "updated": "2021-08-10T07:35:44.792Z",
      "workflow": 1,
      "name": null,
      "kind": "input",
      "x": 130.00074067910248,
      "y": 3152.5,
      "data_updated": "2021-08-10T07:35:44.789Z",
      "error": null,
      "intermediate_table": null,
      "input_table": 4,
      "output_name": null,
      "select_mode": "keep",
      "join_how": "inner",
      "join_left": null,
      "join_right": null,
      "union_mode": "keep",
      "union_distinct": false,
      "limit_limit": 100,
      "limit_offset": null,
      "text_text": null,
      "pivot_index": null,
      "pivot_column": null,
      "pivot_value": null,
      "pivot_aggregation": null,
      "unpivot_value": null,
      "unpivot_column": null,
      "parents": []
    }
  },
  {
    "model": "nodes.node",
    "pk": 18,
    "fields": {
      "created": "2021-08-10T07:35:50.306Z",
      "updated": "2021-08-10T07:36:58.312Z",
      "workflow": 1,
      "name": null,
      "kind": "join",
      "x": 430.0008995868051,
      "y": 3017.5,
      "data_updated": "2021-08-10T07:36:58.310Z",
      "error": null,
      "intermediate_table": null,
      "input_table": null,
      "output_name": null,
      "select_mode": "keep",
      "join_how": "inner",
      "join_left": null,
      "join_right": null,
      "union_mode": "keep",
      "union_distinct": false,
      "limit_limit": 100,
      "limit_offset": null,
      "text_text": null,
      "pivot_index": null,
      "pivot_column": null,
      "pivot_value": null,
      "pivot_aggregation": null,
      "unpivot_value": null,
      "unpivot_column": null,
      "parents": [17, 1]
    }
  },
  {
    "model": "nodes.node",
    "pk": 19,
    "fields": {
      "created": "2021-08-10T07:36:32.246Z",
      "updated": "2021-08-10T07:36:32.247Z",
      "workflow": 1,
      "name": null,
      "kind": "input",
      "x": 130.00099545315524,
      "y": 3362.5,
      "data_updated": null,
      "error": null,
      "intermediate_table": null,
      "input_table": null,
      "output_name": null,
      "select_mode": "keep",
      "join_how": "inner",
      "join_left": null,
      "join_right": null,
      "union_mode": "keep",
      "union_distinct": false,
      "limit_limit": 100,
      "limit_offset": null,
      "text_text": null,
      "pivot_index": null,
      "pivot_column": null,
      "pivot_value": null,
      "pivot_aggregation": null,
      "unpivot_value": null,
      "unpivot_column": null,
      "parents": []
    }
  },
  {
    "model": "nodes.node",
    "pk": 20,
    "fields": {
      "created": "2021-08-11T09:10:15.616Z",
      "updated": "2021-08-11T09:14:29.745Z",
      "workflow": 1,
      "name": null,
      "kind": "filter",
      "x": 430.0000362557784,
      "y": 2730.0,
      "data_updated": "2021-08-11T09:10:46.114Z",
      "error": null,
      "intermediate_table": null,
      "input_table": null,
      "output_name": null,
      "select_mode": "keep",
      "join_how": "inner",
      "join_left": null,
      "join_right": null,
      "union_mode": "keep",
      "union_distinct": false,
      "limit_limit": 100,
      "limit_offset": null,
      "text_text": null,
      "pivot_index": null,
      "pivot_column": null,
      "pivot_value": null,
      "pivot_aggregation": null,
      "unpivot_value": null,
      "unpivot_column": null,
      "parents": [1]
    }
  },
  {
    "model": "nodes.node",
    "pk": 21,
    "fields": {
      "created": "2021-08-11T09:14:32.857Z",
      "updated": "2021-08-11T09:14:41.227Z",
      "workflow": 1,
      "name": null,
      "kind": "union",
      "x": 600.0001406193772,
      "y": 2730.0,
      "data_updated": "2021-08-11T09:14:41.225Z",
      "error": null,
      "intermediate_table": null,
      "input_table": null,
      "output_name": null,
      "select_mode": "keep",
      "join_how": "inner",
      "join_left": null,
      "join_right": null,
      "union_mode": "keep",
      "union_distinct": false,
      "limit_limit": 100,
      "limit_offset": null,
      "text_text": null,
      "pivot_index": null,
      "pivot_column": null,
      "pivot_value": null,
      "pivot_aggregation": null,
      "unpivot_value": null,
      "unpivot_column": null,
      "parents": [20, 1]
    }
  },
  {
    "model": "nodes.node",
    "pk": 22,
    "fields": {
      "created": "2021-08-11T12:38:17.873Z",
      "updated": "2021-08-11T12:41:29.069Z",
      "workflow": 1,
      "name": null,
      "kind": "intersect",
      "x": 600.0006735567656,
      "y": 2940.0,
      "data_updated": "2021-08-11T12:41:29.066Z",
      "error": null,
      "intermediate_table": null,
      "input_table": null,
      "output_name": null,
      "select_mode": "keep",
      "join_how": "inner",
      "join_left": null,
      "join_right": null,
      "union_mode": "keep",
      "union_distinct": false,
      "limit_limit": 100,
      "limit_offset": null,
      "text_text": null,
      "pivot_index": null,
      "pivot_column": null,
      "pivot_value": null,
      "pivot_aggregation": null,
      "unpivot_value": null,
      "unpivot_column": null,
      "parents": [20, 1]
    }
  },
  {
    "model": "nodes.node",
    "pk": 23,
    "fields": {
      "created": "2021-08-11T14:08:02.486Z",
      "updated": "2021-08-11T14:08:10.386Z",
      "workflow": 1,
      "name": null,
      "kind": "input",
      "x": 130.00035406556512,
      "y": 3572.5,
      "data_updated": "2021-08-11T14:08:10.382Z",
      "error": null,
      "intermediate_table": null,
      "input_table": 5,
      "output_name": null,
      "select_mode": "keep",
      "join_how": "inner",
      "join_left": null,
      "join_right": null,
      "union_mode": "keep",
      "union_distinct": false,
      "limit_limit": 100,
      "limit_offset": null,
      "text_text": null,
      "pivot_index": null,
      "pivot_column": null,
      "pivot_value": null,
      "pivot_aggregation": null,
      "unpivot_value": null,
      "unpivot_column": null,
      "parents": []
    }
  },
  {
    "model": "nodes.node",
    "pk": 24,
    "fields": {
      "created": "2021-08-11T14:08:06.112Z",
      "updated": "2021-08-11T14:08:13.417Z",
      "workflow": 1,
      "name": null,
      "kind": "unpivot",
      "x": 430.00035505502274,
      "y": 3572.5,
      "data_updated": "2021-08-11T14:08:13.415Z",
      "error": null,
      "intermediate_table": null,
      "input_table": null,
      "output_name": null,
      "select_mode": "keep",
      "join_how": "inner",
      "join_left": null,
      "join_right": null,
      "union_mode": "keep",
      "union_distinct": false,
      "limit_limit": 100,
      "limit_offset": null,
      "text_text": null,
      "pivot_index": null,
      "pivot_column": null,
      "pivot_value": null,
      "pivot_aggregation": null,
      "unpivot_value": null,
      "unpivot_column": null,
      "parents": [23]
    }
  },
  {
    "model": "nodes.node",
    "pk": 25,
    "fields": {
      "created": "2021-08-13T09:02:28.471Z",
      "updated": "2021-08-13T09:02:28.471Z",
      "workflow": 1,
      "name": null,
      "kind": "aggregation",
      "x": 130.00016153931196,
      "y": 3782.5,
      "data_updated": null,
      "error": null,
      "intermediate_table": null,
      "input_table": null,
      "output_name": null,
      "select_mode": "keep",
      "join_how": "inner",
      "join_left": null,
      "join_right": null,
      "union_mode": "keep",
      "union_distinct": false,
      "limit_limit": 100,
      "limit_offset": null,
      "text_text": null,
      "pivot_index": null,
      "pivot_column": null,
      "pivot_value": null,
      "pivot_aggregation": null,
      "unpivot_value": null,
      "unpivot_column": null,
      "parents": []
    }
  },
  {
    "model": "uploads.upload",
    "pk": 1,
    "fields": {
      "created": "2021-07-27T13:17:27.984Z",
      "updated": "2021-07-27T13:17:27.987Z",
      "integration": 1,
      "file_gcs_path": "cypress/integrations/store_info-1627391842010578.csv",
      "field_delimiter": "comma",
      "sync_task_id": null,
      "sync_started": null
    }
  },
  {
    "model": "uploads.upload",
    "pk": 2,
    "fields": {
      "created": "2021-08-10T07:30:01.223Z",
      "updated": "2021-08-10T07:30:05.253Z",
      "integration": 3,
      "file_gcs_path": "cypress/integrations/store_info-1628580600032663.csv",
      "field_delimiter": "comma",
      "sync_task_id": "1a2e3e76-3a94-4284-8d7d-48f604690ffc",
      "sync_started": "2021-08-10T07:30:01.347Z"
    }
  },
  {
    "model": "uploads.upload",
    "pk": 3,
    "fields": {
      "created": "2021-08-10T07:32:04.910Z",
      "updated": "2021-08-10T07:32:09.105Z",
      "integration": 4,
      "file_gcs_path": "cypress/integrations/revenue-1628580724160651.csv",
      "field_delimiter": "comma",
      "sync_task_id": "d0e6091d-7343-4cfb-9d38-92a59cad92b3",
      "sync_started": "2021-08-10T07:32:04.919Z"
    }
  },
  {
    "model": "uploads.upload",
    "pk": 4,
    "fields": {
      "created": "2021-08-11T14:07:41.028Z",
      "updated": "2021-08-11T14:07:44.921Z",
      "integration": 5,
      "file_gcs_path": "cypress/integrations/pivot-1628690860210745.csv",
      "field_delimiter": "comma",
      "sync_task_id": "232cd31d-a6e6-4e67-95ff-5afd45560277",
      "sync_started": "2021-08-11T14:07:41.043Z"
    }
  },
  {
    "model": "sheets.sheet",
    "pk": 1,
    "fields": {
      "created": "2021-08-08T20:28:24.090Z",
      "updated": "2021-08-08T20:28:28.005Z",
      "integration": 2,
      "url": "https://docs.google.com/spreadsheets/d/1mfauospJlft0B304j7em1vcyE1QKKVMhZjyLfIAnvmU/edit",
      "cell_range": "store_info!A1:D11",
      "drive_file_last_modified": "2021-08-08T16:46:04.194Z",
      "sync_task_id": "aa5c3086-1f87-434f-9d5b-48bd69786b33",
      "sync_started": "2021-08-08T20:28:24.090Z"
    }
  },
  {
    "model": "connectors.connector",
    "pk": 1,
    "fields": {
      "created": "2021-08-10T10:03:16.771Z",
      "updated": "2021-08-10T10:03:16.771Z",
      "integration": 6,
      "service": "heroku_postgres",
      "fivetran_id": "plexus_impatient",
      "schema": "team_1_heroku_postgres_0e684903d1044f7280bb061fd3c179a4",
      "fivetran_authorized": true,
      "sync_task_id": null,
      "sync_started": null
    }
  },
  {
    "model": "connectors.connector",
    "pk": 2,
    "fields": {
      "created": "2021-08-10T10:40:23.586Z",
      "updated": "2021-08-10T10:40:23.586Z",
      "integration": 7,
      "service": "facebook_ads",
      "fivetran_id": "legate_wandered",
      "schema": "team_1_facebook_ads_563a564c28cc469dba73faf6dea0799e",
      "fivetran_authorized": true,
      "sync_task_id": null,
      "sync_started": null
    }
  },
  {
    "model": "connectors.connector",
    "pk": 3,
    "fields": {
      "created": "2021-08-10T10:40:23.586Z",
      "updated": "2021-08-10T10:40:23.586Z",
      "integration": 8,
      "service": "google_analytics",
      "fivetran_id": "humid_rifle",
      "schema": "team_1_google_analytics_a3b8bcf82f804f43a998ce683f332be2",
      "fivetran_authorized": true,
      "sync_task_id": null,
      "sync_started": null
    }
  },
  {
    "model": "connectors.connector",
    "pk": 8,
    "fields": {
      "created": "2021-08-10T12:54:44.273Z",
      "updated": "2021-08-10T12:54:44.273Z",
      "integration": 9,
      "service": "shopify",
      "fivetran_id": "overtime_froze",
      "schema": "team_1_shopify_3d74304d54144cf59f97f304da4e6d95",
      "fivetran_authorized": true,
      "sync_task_id": null,
      "sync_started": null
    }
  },
  {
    "model": "account.emailaddress",
    "pk": 1,
    "fields": { "user": 1, "email": "test@gyana.com", "verified": false, "primary": true }
  },
  {
    "model": "account.emailaddress",
    "pk": 2,
    "fields": { "user": 3, "email": "alone@gyana.com", "verified": false, "primary": true }
  },
  {
    "model": "account.emailaddress",
    "pk": 3,
    "fields": { "user": 4, "email": "member@gyana.com", "verified": false, "primary": true }
  },
  {
    "model": "socialaccount.socialapp",
    "pk": 1,
    "fields": {
      "provider": "google",
      "name": "Google",
      "client_id": "766404612569-gn5hok52al6q1ob04rfmha8k4bns09me.apps.googleusercontent.com",
      "secret": "l9xbaHAi5xf4WuRji3PiTq-z",
      "key": "",
      "sites": [1]
    }
  }
]
