[
  {
    "model": "auth.group",
    "pk": 1,
    "fields": {
      "name": "Moderators",
      "permissions": [
        ["access_admin", "wagtailadmin", "admin"],
        ["add_document", "wagtaildocs", "document"],
        ["change_document", "wagtaildocs", "document"],
        ["choose_document", "wagtaildocs", "document"],
        ["delete_document", "wagtaildocs", "document"],
        ["add_image", "wagtailimages", "image"],
        ["change_image", "wagtailimages", "image"],
        ["delete_image", "wagtailimages", "image"]
      ]
    }
  },
  {
    "model": "auth.group",
    "pk": 2,
    "fields": {
      "name": "Editors",
      "permissions": [
        ["access_admin", "wagtailadmin", "admin"],
        ["add_document", "wagtaildocs", "document"],
        ["change_document", "wagtaildocs", "document"],
        ["choose_document", "wagtaildocs", "document"],
        ["delete_document", "wagtaildocs", "document"],
        ["add_image", "wagtailimages", "image"],
        ["change_image", "wagtailimages", "image"],
        ["delete_image", "wagtailimages", "image"]
      ]
    }
  },
  {
    "model": "sites.site",
    "pk": 1,
    "fields": { "domain": "localhost:8000", "name": "localhost:8000" }
  },
  {
    "model": "users.customuser",
    "pk": 1,
    "fields": {
      "password": "pbkdf2_sha256$260000$KjelrmNP13xJ9V5H9LukHM$it0FFNUenhfj8L+k8ezAij2xqs9GEQ1OQLmOKkVvyqM=",
      "last_login": "2021-12-16T01:44:42.164Z",
      "is_superuser": false,
      "username": "test",
      "first_name": "",
      "last_name": "",
      "email": "test@gyana.com",
      "is_staff": false,
      "is_active": true,
      "date_joined": "2021-07-26T14:53:33.713Z",
      "avatar": "",
      "onboarded": true,
      "company_industry": null,
      "company_role": null,
      "company_size": null,
      "marketing_allowed": false,
      "groups": [],
      "user_permissions": []
    }
  },
  {
    "model": "users.customuser",
    "pk": 2,
    "fields": {
      "password": "pbkdf2_sha256$260000$N2BmQRuSSYGvpQnPKCw9fj$UhUCkfx7qdzWPNYP/XUbi3L4hvP5/7f+N4nmrqTPceM=",
      "last_login": "2022-02-01T15:40:06.603Z",
      "is_superuser": true,
      "username": "admin",
      "first_name": "",
      "last_name": "",
      "email": "admin@gyana.com",
      "is_staff": true,
      "is_active": true,
      "date_joined": "2021-07-27T12:09:25.731Z",
      "avatar": "",
      "onboarded": true,
      "company_industry": null,
      "company_role": null,
      "company_size": null,
      "marketing_allowed": false,
      "groups": [],
      "user_permissions": []
    }
  },
  {
    "model": "users.customuser",
    "pk": 3,
    "fields": {
      "password": "pbkdf2_sha256$260000$GxH7SNPn0rTyr5oBBwd2th$LoeRmOzRhgkQ2t9Y+SBV6YO6sYFb/b5+vsfZ/KkOuyY=",
      "last_login": "2021-07-27T14:46:12.276Z",
      "is_superuser": false,
      "username": "alone",
      "first_name": "",
      "last_name": "",
      "email": "alone@gyana.com",
      "is_staff": false,
      "is_active": true,
      "date_joined": "2021-07-27T14:46:12.143Z",
      "avatar": "",
      "onboarded": true,
      "company_industry": null,
      "company_role": null,
      "company_size": null,
      "marketing_allowed": false,
      "groups": [],
      "user_permissions": []
    }
  },
  {
    "model": "users.approvedwaitlistemail",
    "pk": 1,
    "fields": {
      "created": "2021-11-14T00:00:00Z",
      "updated": "2021-11-14T00:00:00Z",
      "email": "waitlist@gyana.com"
    }
  },
  {
    "model": "teams.flag",
    "pk": 1,
    "fields": {
      "name": "beta",
      "everyone": true,
      "percent": null,
      "testing": false,
      "superusers": true,
      "staff": false,
      "authenticated": false,
      "languages": "",
      "rollout": false,
      "note": "",
      "created": "2021-10-04T15:59:32Z",
      "modified": "2021-10-04T15:59:37.292Z",
      "groups": [],
      "users": [],
      "teams": []
    }
  },
  {
    "model": "teams.flag",
    "pk": 2,
    "fields": {
      "name": "templates",
      "everyone": false,
      "percent": null,
      "testing": false,
      "superusers": true,
      "staff": false,
      "authenticated": false,
      "languages": "",
      "rollout": false,
      "note": "",
      "created": "2021-10-13T13:06:32Z",
      "modified": "2021-10-13T13:06:37.292Z",
      "groups": [],
      "users": [],
      "teams": []
    }
  },
  {
    "model": "teams.flag",
    "pk": 3,
    "fields": {
      "name": "alpha",
      "everyone": true,
      "percent": null,
      "testing": false,
      "superusers": true,
      "staff": false,
      "authenticated": false,
      "languages": "",
      "rollout": false,
      "note": "",
      "created": "2021-10-04T15:59:32Z",
      "modified": "2021-10-04T15:59:37.292Z",
      "groups": [],
      "users": [],
      "teams": []
    }
  },
  {
    "model": "teams.team",
    "pk": 1,
    "fields": {
      "created": "2021-07-26T14:53:37.577Z",
      "updated": "2021-12-16T01:46:48.925Z",
      "deleted": null,
      "icon": "",
      "color": "#d1fae5",
      "name": "Vayu",
      "override_row_limit": null,
      "override_credit_limit": null,
      "row_count": 257,
      "row_count_calculated": "2021-12-16T01:46:48.925Z",
      "last_checkout": null,
      "timezone": "GMT"
    }
  },
  {
    "model": "teams.team",
    "pk": 2,
    "fields": {
      "created": "2021-07-26T14:53:37.577Z",
      "updated": "2021-07-26T14:53:37.587Z",
      "deleted": null,
      "icon": "",
      "color": "#ccfbf1",
      "name": "Alone",
      "override_row_limit": null,
      "override_credit_limit": null,
      "row_count": 15,
      "row_count_calculated": null,
      "last_checkout": null,
      "timezone": "GMT"
    }
  },
  {
    "model": "teams.team",
    "pk": 5,
    "fields": {
      "created": "2021-08-30T18:56:05.348Z",
      "updated": "2022-01-06T20:55:49.701Z",
      "deleted": null,
      "icon": "",
      "color": "#f3e8ff",
      "name": "Admin Templates",
      "override_row_limit": null,
      "override_credit_limit": null,
      "row_count": 12943,
      "row_count_calculated": "2021-08-31T00:58:25.986Z",
      "last_checkout": null,
      "timezone": "GMT"
    }
  },
  {
    "model": "teams.team",
    "pk": 6,
    "fields": {
      "created": "2021-11-08T23:50:26.037Z",
      "updated": "2021-11-08T23:50:26.037Z",
      "deleted": null,
      "icon": "",
      "color": "#ede9fe",
      "name": "Billing",
      "override_row_limit": null,
      "override_credit_limit": null,
      "row_count": 0,
      "row_count_calculated": null,
      "last_checkout": null,
      "timezone": "GMT"
    }
  },
  {
    "model": "teams.membership",
    "pk": 1,
    "fields": {
      "created": "2021-07-26T14:53:37.584Z",
      "updated": "2021-07-26T14:53:37.584Z",
      "team": 1,
      "user": ["test"],
      "role": "admin"
    }
  },
  {
    "model": "teams.membership",
    "pk": 2,
    "fields": {
      "created": "2021-08-30T18:56:05.352Z",
      "updated": "2021-08-30T18:56:05.352Z",
      "team": 5,
      "user": ["admin"],
      "role": "admin"
    }
  },
  {
    "model": "teams.membership",
    "pk": 3,
    "fields": {
      "created": "2021-08-20T13:49:01.950Z",
      "updated": "2021-08-20T13:49:01.950Z",
      "team": 2,
      "user": ["alone"],
      "role": "admin"
    }
  },
  {
    "model": "teams.membership",
    "pk": 4,
    "fields": {
      "created": "2021-11-08T23:50:26.735Z",
      "updated": "2021-11-08T23:50:26.735Z",
      "team": 6,
      "user": ["test"],
      "role": "admin"
    }
  },
  {
    "model": "projects.project",
    "pk": 1,
    "fields": {
      "created": "2021-07-27T13:14:54.847Z",
      "updated": "2021-12-03T23:55:23.830Z",
      "name": "Cypress test project",
      "team": 1,
      "ready": true,
      "access": "everyone",
      "description": "",
      "cname": null,
      "daily_schedule_time": "00:00:00",
      "periodic_task": 1
    }
  },
  {
    "model": "projects.project",
    "pk": 2,
    "fields": {
      "created": "2021-08-10T07:28:33.668Z",
      "updated": "2021-08-10T07:28:33.669Z",
      "name": "Nodes",
      "team": 1,
      "ready": true,
      "access": "everyone",
      "description": "",
      "cname": null,
      "daily_schedule_time": "00:00:00",
      "periodic_task": null
    }
  },
  {
    "model": "projects.project",
    "pk": 6,
    "fields": {
      "created": "2021-08-30T18:56:35.835Z",
      "updated": "2021-08-30T18:56:35.835Z",
      "name": "Google Analytics",
      "team": 5,
      "ready": true,
      "access": "everyone",
      "description": "Two widgets for Google Analytics in a Cypress test.",
      "cname": null,
      "daily_schedule_time": "00:00:00",
      "periodic_task": null
    }
  },
  {
    "model": "integrations.integration",
    "pk": 1,
    "fields": {
      "created": "2021-07-27T13:17:27.984Z",
      "updated": "2021-12-21T02:00:27.571Z",
      "project": 1,
      "kind": "upload",
      "name": "store_info",
      "state": "done",
      "ready": true,
      "created_ready": "2021-07-27T13:17:27.984Z",
      "created_by": ["test"],
      "is_scheduled": false
    }
  },
  {
    "model": "integrations.integration",
    "pk": 2,
    "fields": {
      "created": "2021-08-08T20:28:27.809Z",
      "updated": "2021-12-21T02:00:27.571Z",
      "project": 1,
      "kind": "sheet",
      "name": "Store info sheet",
      "state": "done",
      "ready": true,
      "created_ready": "2021-08-08T20:28:27.809Z",
      "created_by": null,
      "is_scheduled": true
    }
  },
  {
    "model": "integrations.integration",
    "pk": 3,
    "fields": {
      "created": "2021-08-10T07:30:01.375Z",
      "updated": "2021-12-21T02:00:27.569Z",
      "project": 2,
      "kind": "upload",
      "name": "store_info",
      "state": "done",
      "ready": true,
      "created_ready": "2021-08-10T07:30:01.375Z",
      "created_by": null,
      "is_scheduled": false
    }
  },
  {
    "model": "integrations.integration",
    "pk": 4,
    "fields": {
      "created": "2021-08-10T07:32:04.937Z",
      "updated": "2021-12-21T02:00:27.568Z",
      "project": 2,
      "kind": "upload",
      "name": "revenue",
      "state": "done",
      "ready": true,
      "created_ready": "2021-08-10T07:32:04.937Z",
      "created_by": null,
      "is_scheduled": false
    }
  },
  {
    "model": "integrations.integration",
    "pk": 5,
    "fields": {
      "created": "2021-08-11T14:07:41.075Z",
      "updated": "2021-12-21T02:00:27.565Z",
      "project": 2,
      "kind": "upload",
      "name": "pivot",
      "state": "done",
      "ready": true,
      "created_ready": "2021-08-11T14:07:41.075Z",
      "created_by": null,
      "is_scheduled": false
    }
  },
  {
    "model": "integrations.integration",
    "pk": 6,
    "fields": {
      "created": "2021-08-10T10:03:16.769Z",
      "updated": "2021-12-21T02:00:27.566Z",
      "project": 1,
      "kind": "connector",
      "name": "Heroku Postgres",
      "state": "update",
      "ready": false,
      "created_ready": "2021-08-10T10:03:16.769Z",
      "created_by": ["test"],
      "is_scheduled": true
    }
  },
  {
    "model": "integrations.integration",
    "pk": 7,
    "fields": {
      "created": "2021-08-10T10:40:23.584Z",
      "updated": "2021-12-21T02:00:27.567Z",
      "project": 1,
      "kind": "connector",
      "name": "Facebook Ads",
      "state": "update",
      "ready": false,
      "created_ready": "2021-08-10T10:40:23.584Z",
      "created_by": ["test"],
      "is_scheduled": true
    }
  },
  {
    "model": "integrations.integration",
    "pk": 8,
    "fields": {
      "created": "2021-08-10T10:40:23.584Z",
      "updated": "2021-12-21T02:00:27.567Z",
      "project": 1,
      "kind": "connector",
      "name": "Google Analytics",
      "state": "update",
      "ready": false,
      "created_ready": "2021-08-10T10:40:23.584Z",
      "created_by": ["test"],
      "is_scheduled": true
    }
  },
  {
    "model": "integrations.integration",
    "pk": 9,
    "fields": {
      "created": "2021-08-10T12:54:44.272Z",
      "updated": "2021-12-21T02:00:27.566Z",
      "project": 1,
      "kind": "connector",
      "name": "Shopify",
      "state": "update",
      "ready": false,
      "created_ready": "2021-08-10T12:54:44.272Z",
      "created_by": ["test"],
      "is_scheduled": true
    }
  },
  {
    "model": "integrations.integration",
    "pk": 13,
    "fields": {
      "created": "2021-08-30T19:05:46.410Z",
      "updated": "2021-12-21T02:00:27.564Z",
      "project": 6,
      "kind": "connector",
      "name": "Google Analytics",
      "state": "done",
      "ready": true,
      "created_ready": "2021-08-30T19:29:42Z",
      "created_by": ["admin"],
      "is_scheduled": true
    }
  },
  {
    "model": "integrations.integration",
    "pk": 14,
    "fields": {
      "created": "2021-08-31T00:58:18.464Z",
      "updated": "2021-12-21T02:00:27.564Z",
      "project": 6,
      "kind": "upload",
      "name": "store_info",
      "state": "done",
      "ready": true,
      "created_ready": "2021-08-31T00:58:25.975Z",
      "created_by": ["admin"],
      "is_scheduled": false
    }
  },
  {
    "model": "integrations.integration",
    "pk": 15,
    "fields": {
      "created": "2021-12-16T01:46:40.572Z",
      "updated": "2021-12-21T02:00:27.562Z",
      "project": 1,
      "kind": "customapi",
      "name": "JSON todos",
      "state": "done",
      "ready": true,
      "created_ready": "2021-12-16T01:46:48.891Z",
      "created_by": ["test"],
      "is_scheduled": false
    }
  },
  {
    "model": "workflows.workflow",
    "pk": 1,
    "fields": {
      "created": "2021-08-10T07:31:33.634Z",
      "updated": "2021-09-10T15:59:15.605Z",
      "name": "Untitled",
      "project": 2,
      "state": "incomplete",
      "last_success_run": null,
      "data_updated": "2021-09-10T15:59:15.605Z",
      "is_scheduled": false
    }
  },
  {
    "model": "workflows.workflow",
    "pk": 2,
    "fields": {
      "created": "2021-12-03T23:50:30.046Z",
      "updated": "2021-12-03T23:52:38.243Z",
      "name": "Initial workflow",
      "project": 1,
      "state": "success",
      "last_success_run": 9,
      "data_updated": "2021-12-03T23:52:05.947Z",
      "is_scheduled": true
    }
  },
  {
    "model": "workflows.workflow",
    "pk": 3,
    "fields": {
      "created": "2021-12-03T23:52:42.072Z",
      "updated": "2021-12-03T23:55:15.172Z",
      "name": "Dependent workflow",
      "project": 1,
      "state": "success",
      "last_success_run": 8,
      "data_updated": "2021-12-03T23:54:57.237Z",
      "is_scheduled": true
    }
  },
  {
    "model": "dashboards.dashboard",
    "pk": 1,
    "fields": {
      "created": "2021-08-30T19:29:47.252Z",
      "updated": "2021-08-31T00:59:24.659Z",
      "grid_size": 15,
      "width": 1200,
      "height": 840,
      "palette_colors": "[\"#5D62B5\", \"#29C3BE\", \"#F2726F\", \"#FFC533\", \"#62B58F\", \"#BC95DF\", \"#67CDF2\"]",
      "background_color": "#ffffff",
      "font_size": 14,
      "font_color": "#6a6b77",
      "font_family": "Roboto",
      "snap_to_grid": true,
      "show_widget_border": true,
      "show_widget_headers": true,
      "widget_header_font_size": 18,
      "widget_background_color": "#ffffff",
      "widget_border_color": "#e6e6e6",
      "widget_border_radius": 5,
      "widget_border_thickness": 1,
      "name": "Basic metrics",
      "project": 6,
      "shared_status": "private",
      "shared_id": null,
      "password": null,
      "password_set": null
    }
  },
  {
    "model": "dashboards.dashboard",
    "pk": 2,
    "fields": {
      "created": "2021-12-14T21:17:52.313Z",
      "updated": "2021-12-14T21:17:58.692Z",
      "grid_size": 15,
      "width": 1200,
      "height": 840,
      "palette_colors": "[\"#5D62B5\", \"#29C3BE\", \"#F2726F\", \"#FFC533\", \"#62B58F\", \"#BC95DF\", \"#67CDF2\"]",
      "background_color": "#ffffff",
      "font_size": 14,
      "font_color": "#6a6b77",
      "font_family": "Roboto",
      "snap_to_grid": true,
      "show_widget_border": true,
      "show_widget_headers": true,
      "widget_header_font_size": 18,
      "widget_background_color": "#ffffff",
      "widget_border_color": "#e6e6e6",
      "widget_border_radius": 5,
      "widget_border_thickness": 1,
      "name": "Results",
      "project": 1,
      "shared_status": "private",
      "shared_id": null,
      "password": null,
      "password_set": null
    }
  },
  {
    "model": "dashboards.page",
    "pk": 1,
    "fields": {
      "created": "2021-12-13T22:47:57.268Z",
      "updated": "2021-12-13T22:47:57.268Z",
      "dashboard": 1,
      "position": 1
    }
  },
  {
    "model": "dashboards.page",
    "pk": 2,
    "fields": {
      "created": "2021-12-14T21:17:52.317Z",
      "updated": "2021-12-14T21:17:52.317Z",
      "dashboard": 2,
      "position": 1
    }
  },
  {
    "model": "widgets.widget",
    "pk": 1,
    "fields": {
      "created": "2021-08-30T19:29:50.988Z",
      "updated": "2021-12-13T22:47:57.507Z",
      "palette_colors": null,
      "background_color": null,
      "show_tooltips": null,
      "font_size": null,
      "font_color": null,
      "currency": null,
      "metric_font_size": null,
      "metric_font_color": null,
      "metric_header_font_size": null,
      "metric_header_font_color": null,
      "metric_comparison_font_size": null,
      "metric_comparison_font_color": null,
      "page": 1,
      "table": 12,
      "text_content": null,
      "url": null,
      "image": "",
      "kind": "msline",
      "aggregator": "",
      "dimension": "date",
      "part": null,
      "second_dimension": null,
      "name": "Bounce rate and session duration",
      "sort_by": "dimension",
      "sort_column": null,
      "sort_ascending": true,
      "width": 1200,
      "height": 435,
      "x": 0,
      "y": 0,
      "stack_100_percent": false,
      "error": null,
      "date_column": null,
      "show_summary_row": false,
      "compare_previous_period": false,
      "positive_decrease": false
    }
  },
  {
    "model": "widgets.widget",
    "pk": 3,
    "fields": {
      "created": "2021-08-31T00:59:24.656Z",
      "updated": "2021-12-13T22:47:57.505Z",
      "palette_colors": null,
      "background_color": null,
      "show_tooltips": null,
      "font_size": null,
      "font_color": null,
      "currency": null,
      "metric_font_size": null,
      "metric_font_color": null,
      "metric_header_font_size": null,
      "metric_header_font_color": null,
      "metric_comparison_font_size": null,
      "metric_comparison_font_color": null,
      "page": 1,
      "table": 19,
      "text_content": null,
      "url": null,
      "image": "",
      "kind": "mscolumn2d",
      "aggregator": "",
      "dimension": "Owner",
      "part": null,
      "second_dimension": null,
      "name": "Employees by owner",
      "sort_by": "value",
      "sort_column": null,
      "sort_ascending": false,
      "width": 1200,
      "height": 405,
      "x": 0,
      "y": 435,
      "stack_100_percent": false,
      "error": null,
      "date_column": null,
      "show_summary_row": false,
      "compare_previous_period": false,
      "positive_decrease": false
    }
  },
  {
    "model": "widgets.widget",
    "pk": 4,
    "fields": {
      "created": "2021-12-14T21:17:58.685Z",
      "updated": "2021-12-14T21:18:07.387Z",
      "palette_colors": null,
      "background_color": null,
      "show_tooltips": null,
      "font_size": null,
      "font_color": null,
      "currency": null,
      "metric_font_size": null,
      "metric_font_color": null,
      "metric_header_font_size": null,
      "metric_header_font_color": null,
      "metric_comparison_font_size": null,
      "metric_comparison_font_color": null,
      "page": 2,
      "table": 22,
      "text_content": null,
      "url": null,
      "image": "",
      "kind": "table",
      "aggregator": "",
      "dimension": null,
      "part": null,
      "second_dimension": null,
      "name": null,
      "sort_by": "dimension",
      "sort_column": null,
      "sort_ascending": true,
      "width": 495,
      "height": 390,
      "x": 0,
      "y": 0,
      "stack_100_percent": false,
      "error": null,
      "date_column": null,
      "show_summary_row": false,
      "compare_previous_period": false,
      "positive_decrease": false
    }
  },
  {
    "model": "filters.filter",
    "pk": 1,
    "fields": {
      "created": "2021-08-11T09:10:46.118Z",
      "updated": "2021-08-11T09:10:46.118Z",
      "widget": null,
      "node": 20,
      "column": "store_id",
      "type": "INTEGER",
      "numeric_predicate": "greaterthan",
      "float_value": null,
      "float_values": null,
      "integer_value": 5,
      "integer_values": null,
      "time_predicate": null,
      "datetime_predicate": null,
      "time_value": null,
      "date_value": null,
      "datetime_value": null,
      "string_predicate": null,
      "string_value": null,
      "string_values": null,
      "bool_value": true
    }
  },
  {
    "model": "filters.filter",
    "pk": 2,
    "fields": {
      "created": "2021-12-03T23:51:35.045Z",
      "updated": "2021-12-03T23:51:35.045Z",
      "widget": null,
      "node": 30,
      "column": "Employees",
      "type": "INTEGER",
      "numeric_predicate": "greaterthan",
      "float_value": null,
      "float_values": null,
      "integer_value": 3,
      "integer_values": null,
      "time_predicate": null,
      "datetime_predicate": null,
      "time_value": null,
      "date_value": null,
      "datetime_value": null,
      "string_predicate": null,
      "string_value": null,
      "string_values": null,
      "bool_value": true
    }
  },
  {
    "model": "tables.table",
    "pk": 1,
    "fields": {
      "created": "2021-07-27T13:17:23.768Z",
      "updated": "2021-08-22T00:34:00.463Z",
      "bq_table": "upload_000000001",
      "bq_dataset": "cypress_team_000001_tables",
      "project": 1,
      "source": "integration",
      "integration": 1,
      "workflow_node": null,
      "intermediate_node": null,
      "cache_node": null,
      "num_rows": 15,
      "data_updated": "2021-07-27T13:17:27.679Z",
      "copied_from": null
    }
  },
  {
    "model": "tables.table",
    "pk": 2,
    "fields": {
      "created": "2021-08-08T20:28:24.385Z",
      "updated": "2021-08-22T00:34:00.293Z",
      "bq_table": "sheet_000000001",
      "bq_dataset": "cypress_team_000001_tables",
      "project": 1,
      "source": "integration",
      "integration": 2,
      "workflow_node": null,
      "intermediate_node": null,
      "cache_node": null,
      "num_rows": 10,
      "data_updated": "2021-08-08T20:28:27.912Z",
      "copied_from": null
    }
  },
  {
    "model": "tables.table",
    "pk": 3,
    "fields": {
      "created": "2021-08-10T07:30:01.880Z",
      "updated": "2021-08-22T00:34:00.106Z",
      "bq_table": "upload_000000002",
      "bq_dataset": "cypress_team_000001_tables",
      "project": 2,
      "source": "integration",
      "integration": 3,
      "workflow_node": null,
      "intermediate_node": null,
      "cache_node": null,
      "num_rows": 15,
      "data_updated": "2021-08-10T07:30:05.119Z",
      "copied_from": null
    }
  },
  {
    "model": "tables.table",
    "pk": 4,
    "fields": {
      "created": "2021-08-10T07:32:05.091Z",
      "updated": "2021-08-22T00:33:59.900Z",
      "bq_table": "upload_000000003",
      "bq_dataset": "cypress_team_000001_tables",
      "project": 2,
      "source": "integration",
      "integration": 4,
      "workflow_node": null,
      "intermediate_node": null,
      "cache_node": null,
      "num_rows": 15,
      "data_updated": "2021-08-10T07:32:08.896Z",
      "copied_from": null
    }
  },
  {
    "model": "tables.table",
    "pk": 5,
    "fields": {
      "created": "2021-08-11T14:07:41.598Z",
      "updated": "2021-08-22T00:33:59.624Z",
      "bq_table": "upload_000000004",
      "bq_dataset": "cypress_team_000001_tables",
      "project": 2,
      "source": "integration",
      "integration": 5,
      "workflow_node": null,
      "intermediate_node": null,
      "cache_node": null,
      "num_rows": 2,
      "data_updated": "2021-08-11T14:07:44.801Z",
      "copied_from": null
    }
  },
  {
    "model": "tables.table",
    "pk": 9,
    "fields": {
      "created": "2021-08-30T19:29:18.765Z",
      "updated": "2021-08-30T19:29:18.765Z",
      "bq_table": "adwords_campaigns",
      "bq_dataset": "team_1_google_analytics_a95f8dcedfcc48e0b125bc6212291f78",
      "project": 6,
      "source": "integration",
      "integration": 13,
      "workflow_node": null,
      "intermediate_node": null,
      "cache_node": null,
      "num_rows": 204,
      "data_updated": "2021-08-30T19:29:18.765Z",
      "copied_from": null
    }
  },
  {
    "model": "tables.table",
    "pk": 10,
    "fields": {
      "created": "2021-08-30T19:29:18.883Z",
      "updated": "2021-08-30T19:29:18.883Z",
      "bq_table": "adwords_hourly_stats",
      "bq_dataset": "team_1_google_analytics_a95f8dcedfcc48e0b125bc6212291f78",
      "project": 6,
      "source": "integration",
      "integration": 13,
      "workflow_node": null,
      "intermediate_node": null,
      "cache_node": null,
      "num_rows": 4333,
      "data_updated": "2021-08-30T19:29:18.883Z",
      "copied_from": null
    }
  },
  {
    "model": "tables.table",
    "pk": 11,
    "fields": {
      "created": "2021-08-30T19:29:18.996Z",
      "updated": "2021-08-30T19:29:18.996Z",
      "bq_table": "adwords_keyword",
      "bq_dataset": "team_1_google_analytics_a95f8dcedfcc48e0b125bc6212291f78",
      "project": 6,
      "source": "integration",
      "integration": 13,
      "workflow_node": null,
      "intermediate_node": null,
      "cache_node": null,
      "num_rows": 423,
      "data_updated": "2021-08-30T19:29:18.996Z",
      "copied_from": null
    }
  },
  {
    "model": "tables.table",
    "pk": 12,
    "fields": {
      "created": "2021-08-30T19:29:19.102Z",
      "updated": "2021-08-30T19:29:19.102Z",
      "bq_table": "audience_overview",
      "bq_dataset": "team_1_google_analytics_a95f8dcedfcc48e0b125bc6212291f78",
      "project": 6,
      "source": "integration",
      "integration": 13,
      "workflow_node": null,
      "intermediate_node": null,
      "cache_node": null,
      "num_rows": 204,
      "data_updated": "2021-08-30T19:29:19.102Z",
      "copied_from": null
    }
  },
  {
    "model": "tables.table",
    "pk": 13,
    "fields": {
      "created": "2021-08-30T19:29:19.199Z",
      "updated": "2021-08-30T19:29:19.199Z",
      "bq_table": "browser_and_operating_system_overview",
      "bq_dataset": "team_1_google_analytics_a95f8dcedfcc48e0b125bc6212291f78",
      "project": 6,
      "source": "integration",
      "integration": 13,
      "workflow_node": null,
      "intermediate_node": null,
      "cache_node": null,
      "num_rows": 2415,
      "data_updated": "2021-08-30T19:29:19.199Z",
      "copied_from": null
    }
  },
  {
    "model": "tables.table",
    "pk": 14,
    "fields": {
      "created": "2021-08-30T19:29:19.317Z",
      "updated": "2021-08-30T19:29:19.317Z",
      "bq_table": "campaign_performance",
      "bq_dataset": "team_1_google_analytics_a95f8dcedfcc48e0b125bc6212291f78",
      "project": 6,
      "source": "integration",
      "integration": 13,
      "workflow_node": null,
      "intermediate_node": null,
      "cache_node": null,
      "num_rows": 351,
      "data_updated": "2021-08-30T19:29:19.317Z",
      "copied_from": null
    }
  },
  {
    "model": "tables.table",
    "pk": 15,
    "fields": {
      "created": "2021-08-30T19:29:19.414Z",
      "updated": "2021-08-30T19:29:19.414Z",
      "bq_table": "channel_traffic",
      "bq_dataset": "team_1_google_analytics_a95f8dcedfcc48e0b125bc6212291f78",
      "project": 6,
      "source": "integration",
      "integration": 13,
      "workflow_node": null,
      "intermediate_node": null,
      "cache_node": null,
      "num_rows": 907,
      "data_updated": "2021-08-30T19:29:19.414Z",
      "copied_from": null
    }
  },
  {
    "model": "tables.table",
    "pk": 16,
    "fields": {
      "created": "2021-08-30T19:29:19.512Z",
      "updated": "2021-08-30T19:29:19.512Z",
      "bq_table": "events_overview",
      "bq_dataset": "team_1_google_analytics_a95f8dcedfcc48e0b125bc6212291f78",
      "project": 6,
      "source": "integration",
      "integration": 13,
      "workflow_node": null,
      "intermediate_node": null,
      "cache_node": null,
      "num_rows": 257,
      "data_updated": "2021-08-30T19:29:19.513Z",
      "copied_from": null
    }
  },
  {
    "model": "tables.table",
    "pk": 17,
    "fields": {
      "created": "2021-08-30T19:29:19.579Z",
      "updated": "2021-08-30T19:29:19.579Z",
      "bq_table": "social_media_acquisitions",
      "bq_dataset": "team_1_google_analytics_a95f8dcedfcc48e0b125bc6212291f78",
      "project": 6,
      "source": "integration",
      "integration": 13,
      "workflow_node": null,
      "intermediate_node": null,
      "cache_node": null,
      "num_rows": 589,
      "data_updated": "2021-08-30T19:29:19.579Z",
      "copied_from": null
    }
  },
  {
    "model": "tables.table",
    "pk": 18,
    "fields": {
      "created": "2021-08-30T19:29:19.676Z",
      "updated": "2021-08-30T19:29:19.676Z",
      "bq_table": "traffic",
      "bq_dataset": "team_1_google_analytics_a95f8dcedfcc48e0b125bc6212291f78",
      "project": 6,
      "source": "integration",
      "integration": 13,
      "workflow_node": null,
      "intermediate_node": null,
      "cache_node": null,
      "num_rows": 3245,
      "data_updated": "2021-08-30T19:29:19.676Z",
      "copied_from": null
    }
  },
  {
    "model": "tables.table",
    "pk": 19,
    "fields": {
      "created": "2021-08-31T00:58:20.605Z",
      "updated": "2021-08-31T00:58:23.826Z",
      "bq_table": "upload_000000006",
      "bq_dataset": "cypress_team_000005_tables",
      "project": 6,
      "source": "integration",
      "integration": 14,
      "workflow_node": null,
      "intermediate_node": null,
      "cache_node": null,
      "num_rows": 15,
      "data_updated": "2021-08-31T00:58:23.746Z",
      "copied_from": null
    }
  },
  {
    "model": "tables.table",
    "pk": 20,
    "fields": {
      "created": "2021-12-03T23:51:57.193Z",
      "updated": "2021-12-03T23:51:58.995Z",
      "bq_table": "intermediate_node_000000031",
      "bq_dataset": "cypress_team_000001_tables",
      "project": 1,
      "source": "intermediate_node",
      "integration": null,
      "workflow_node": null,
      "intermediate_node": 31,
      "cache_node": null,
      "num_rows": 0,
      "data_updated": "2021-12-03T23:51:58.995Z",
      "copied_from": null
    }
  },
  {
    "model": "tables.table",
    "pk": 21,
    "fields": {
      "created": "2021-12-03T23:52:56.929Z",
      "updated": "2021-12-03T23:52:58.711Z",
      "bq_table": "output_node_000000029",
      "bq_dataset": "cypress_team_000001_tables",
      "project": 1,
      "source": "workflow_node",
      "integration": null,
      "workflow_node": 29,
      "intermediate_node": null,
      "cache_node": null,
      "num_rows": 0,
      "data_updated": "2021-12-03T23:52:58.711Z",
      "copied_from": null
    }
  },
  {
    "model": "tables.table",
    "pk": 22,
    "fields": {
      "created": "2021-12-03T23:55:09.737Z",
      "updated": "2021-12-03T23:55:11.723Z",
      "bq_table": "output_node_000000035",
      "bq_dataset": "cypress_team_000001_tables",
      "project": 1,
      "source": "workflow_node",
      "integration": null,
      "workflow_node": 35,
      "intermediate_node": null,
      "cache_node": null,
      "num_rows": 0,
      "data_updated": "2021-12-03T23:55:11.723Z",
      "copied_from": null
    }
  },
  {
    "model": "tables.table",
    "pk": 23,
    "fields": {
      "created": "2021-12-16T01:46:43.181Z",
      "updated": "2021-12-16T01:46:45.982Z",
      "bq_table": "customapi_000000001",
      "bq_dataset": "cypress_team_000001_tables",
      "project": 1,
      "source": "integration",
      "integration": 15,
      "workflow_node": null,
      "intermediate_node": null,
      "cache_node": null,
      "num_rows": 200,
      "data_updated": "2021-12-16T01:46:44.986Z",
      "copied_from": null
    }
  },
  {
    "model": "invites.invite",
    "pk": 1,
    "fields": {
      "accepted": true,
      "key": "ygr7agub5cippprocdbilirifuxzikuzrifk3cjur0pbdlovqv7mym5loz8mgtsm",
      "sent": "2021-07-29T09:32:54.990Z",
      "inviter": ["test"],
      "email": "member@gyana.com",
      "team": 1,
      "role": "member",
      "created": "2021-07-29T09:32:54.971Z",
      "updated": "2021-07-29T09:33:49.004Z"
    }
  },
  {
    "model": "nodes.node",
    "pk": 1,
    "fields": {
      "created": "2021-08-10T07:31:39.014Z",
      "updated": "2021-08-10T07:35:39.877Z",
      "workflow": 1,
      "name": null,
      "kind": "input",
      "x": 130.00011639037822,
      "y": 1785.0,
      "data_updated": "2021-08-10T07:35:39.873Z",
      "error": null,
      "input_table": 3,
      "select_mode": "keep",
      "union_distinct": false,
      "limit_limit": 100,
      "limit_offset": null,
      "text_text": null,
      "pivot_index": null,
      "pivot_column": null,
      "pivot_value": null,
      "pivot_aggregation": null,
      "unpivot_value": null,
      "unpivot_column": null,
      "sentiment_column": null,
      "always_use_credits": false,
      "uses_credits": 0,
      "credit_use_confirmed": null,
      "credit_confirmed_user": null,
      "has_been_saved": false
    }
  },
  {
    "model": "nodes.node",
    "pk": 2,
    "fields": {
      "created": "2021-08-10T07:31:49.994Z",
      "updated": "2021-08-10T07:32:53.406Z",
      "workflow": 1,
      "name": null,
      "kind": "output",
      "x": 430.0005699766216,
      "y": 0.0,
      "data_updated": "2021-08-10T07:32:53.404Z",
      "error": null,
      "input_table": null,
      "select_mode": "keep",
      "union_distinct": false,
      "limit_limit": 100,
      "limit_offset": null,
      "text_text": null,
      "pivot_index": null,
      "pivot_column": null,
      "pivot_value": null,
      "pivot_aggregation": null,
      "unpivot_value": null,
      "unpivot_column": null,
      "sentiment_column": null,
      "always_use_credits": false,
      "uses_credits": 0,
      "credit_use_confirmed": null,
      "credit_confirmed_user": null,
      "has_been_saved": false
    }
  },
  {
    "model": "nodes.node",
    "pk": 3,
    "fields": {
      "created": "2021-08-10T07:32:58.092Z",
      "updated": "2021-08-10T07:33:00.909Z",
      "workflow": 1,
      "name": null,
      "kind": "select",
      "x": 430.00062057043004,
      "y": 210.0,
      "data_updated": "2021-08-10T07:33:00.907Z",
      "error": null,
      "input_table": null,
      "select_mode": "keep",
      "union_distinct": false,
      "limit_limit": 100,
      "limit_offset": null,
      "text_text": null,
      "pivot_index": null,
      "pivot_column": null,
      "pivot_value": null,
      "pivot_aggregation": null,
      "unpivot_value": null,
      "unpivot_column": null,
      "sentiment_column": null,
      "always_use_credits": false,
      "uses_credits": 0,
      "credit_use_confirmed": null,
      "credit_confirmed_user": null,
      "has_been_saved": false
    }
  },
  {
    "model": "nodes.node",
    "pk": 4,
    "fields": {
      "created": "2021-08-10T07:33:08.633Z",
      "updated": "2021-08-10T07:33:11.853Z",
      "workflow": 1,
      "name": null,
      "kind": "aggregation",
      "x": 430.0009298366165,
      "y": 420.0,
      "data_updated": "2021-08-10T07:33:11.851Z",
      "error": null,
      "input_table": null,
      "select_mode": "keep",
      "union_distinct": false,
      "limit_limit": 100,
      "limit_offset": null,
      "text_text": null,
      "pivot_index": null,
      "pivot_column": null,
      "pivot_value": null,
      "pivot_aggregation": null,
      "unpivot_value": null,
      "unpivot_column": null,
      "sentiment_column": null,
      "always_use_credits": false,
      "uses_credits": 0,
      "credit_use_confirmed": null,
      "credit_confirmed_user": null,
      "has_been_saved": false
    }
  },
  {
    "model": "nodes.node",
    "pk": 5,
    "fields": {
      "created": "2021-08-10T07:33:18.823Z",
      "updated": "2021-08-10T07:33:28.498Z",
      "workflow": 1,
      "name": null,
      "kind": "sort",
      "x": 430.00033186496984,
      "y": 630.0,
      "data_updated": "2021-08-10T07:33:28.495Z",
      "error": null,
      "input_table": null,
      "select_mode": "keep",
      "union_distinct": false,
      "limit_limit": 100,
      "limit_offset": null,
      "text_text": null,
      "pivot_index": null,
      "pivot_column": null,
      "pivot_value": null,
      "pivot_aggregation": null,
      "unpivot_value": null,
      "unpivot_column": null,
      "sentiment_column": null,
      "always_use_credits": false,
      "uses_credits": 0,
      "credit_use_confirmed": null,
      "credit_confirmed_user": null,
      "has_been_saved": false
    }
  },
  {
    "model": "nodes.node",
    "pk": 6,
    "fields": {
      "created": "2021-08-10T07:33:21.412Z",
      "updated": "2021-08-10T07:33:32.042Z",
      "workflow": 1,
      "name": null,
      "kind": "limit",
      "x": 430.0009017982912,
      "y": 840.0,
      "data_updated": "2021-08-10T07:33:32.039Z",
      "error": null,
      "input_table": null,
      "select_mode": "keep",
      "union_distinct": false,
      "limit_limit": 100,
      "limit_offset": null,
      "text_text": null,
      "pivot_index": null,
      "pivot_column": null,
      "pivot_value": null,
      "pivot_aggregation": null,
      "unpivot_value": null,
      "unpivot_column": null,
      "sentiment_column": null,
      "always_use_credits": false,
      "uses_credits": 0,
      "credit_use_confirmed": null,
      "credit_confirmed_user": null,
      "has_been_saved": false
    }
  },
  {
    "model": "nodes.node",
    "pk": 7,
    "fields": {
      "created": "2021-08-10T07:33:35.104Z",
      "updated": "2021-08-10T07:33:38.806Z",
      "workflow": 1,
      "name": null,
      "kind": "filter",
      "x": 430.0001337612346,
      "y": 1050.0,
      "data_updated": "2021-08-10T07:33:38.804Z",
      "error": null,
      "input_table": null,
      "select_mode": "keep",
      "union_distinct": false,
      "limit_limit": 100,
      "limit_offset": null,
      "text_text": null,
      "pivot_index": null,
      "pivot_column": null,
      "pivot_value": null,
      "pivot_aggregation": null,
      "unpivot_value": null,
      "unpivot_column": null,
      "sentiment_column": null,
      "always_use_credits": false,
      "uses_credits": 0,
      "credit_use_confirmed": null,
      "credit_confirmed_user": null,
      "has_been_saved": false
    }
  },
  {
    "model": "nodes.node",
    "pk": 8,
    "fields": {
      "created": "2021-08-10T07:33:43.482Z",
      "updated": "2021-08-10T07:33:48.305Z",
      "workflow": 1,
      "name": null,
      "kind": "distinct",
      "x": 430.000534799492,
      "y": 1260.0,
      "data_updated": "2021-08-10T07:33:48.302Z",
      "error": null,
      "input_table": null,
      "select_mode": "keep",
      "union_distinct": false,
      "limit_limit": 100,
      "limit_offset": null,
      "text_text": null,
      "pivot_index": null,
      "pivot_column": null,
      "pivot_value": null,
      "pivot_aggregation": null,
      "unpivot_value": null,
      "unpivot_column": null,
      "sentiment_column": null,
      "always_use_credits": false,
      "uses_credits": 0,
      "credit_use_confirmed": null,
      "credit_confirmed_user": null,
      "has_been_saved": false
    }
  },
  {
    "model": "nodes.node",
    "pk": 9,
    "fields": {
      "created": "2021-08-10T07:33:54.419Z",
      "updated": "2021-08-10T07:33:58.373Z",
      "workflow": 1,
      "name": null,
      "kind": "pivot",
      "x": 430.00084323447805,
      "y": 1470.0,
      "data_updated": "2021-08-10T07:33:58.371Z",
      "error": null,
      "input_table": null,
      "select_mode": "keep",
      "union_distinct": false,
      "limit_limit": 100,
      "limit_offset": null,
      "text_text": null,
      "pivot_index": null,
      "pivot_column": null,
      "pivot_value": null,
      "pivot_aggregation": null,
      "unpivot_value": null,
      "unpivot_column": null,
      "sentiment_column": null,
      "always_use_credits": false,
      "uses_credits": 0,
      "credit_use_confirmed": null,
      "credit_confirmed_user": null,
      "has_been_saved": false
    }
  },
  {
    "model": "nodes.node",
    "pk": 11,
    "fields": {
      "created": "2021-08-10T07:34:30.965Z",
      "updated": "2021-08-10T07:34:34.624Z",
      "workflow": 1,
      "name": null,
      "kind": "edit",
      "x": 430.0009750129761,
      "y": 1680.0,
      "data_updated": "2021-08-10T07:34:34.622Z",
      "error": null,
      "input_table": null,
      "select_mode": "keep",
      "union_distinct": false,
      "limit_limit": 100,
      "limit_offset": null,
      "text_text": null,
      "pivot_index": null,
      "pivot_column": null,
      "pivot_value": null,
      "pivot_aggregation": null,
      "unpivot_value": null,
      "unpivot_column": null,
      "sentiment_column": null,
      "always_use_credits": false,
      "uses_credits": 0,
      "credit_use_confirmed": null,
      "credit_confirmed_user": null,
      "has_been_saved": false
    }
  },
  {
    "model": "nodes.node",
    "pk": 12,
    "fields": {
      "created": "2021-08-10T07:34:40.253Z",
      "updated": "2021-08-10T07:34:44.739Z",
      "workflow": 1,
      "name": null,
      "kind": "add",
      "x": 430.00041661563745,
      "y": 1890.0,
      "data_updated": "2021-08-10T07:34:44.737Z",
      "error": null,
      "input_table": null,
      "select_mode": "keep",
      "union_distinct": false,
      "limit_limit": 100,
      "limit_offset": null,
      "text_text": null,
      "pivot_index": null,
      "pivot_column": null,
      "pivot_value": null,
      "pivot_aggregation": null,
      "unpivot_value": null,
      "unpivot_column": null,
      "sentiment_column": null,
      "always_use_credits": false,
      "uses_credits": 0,
      "credit_use_confirmed": null,
      "credit_confirmed_user": null,
      "has_been_saved": false
    }
  },
  {
    "model": "nodes.node",
    "pk": 13,
    "fields": {
      "created": "2021-08-10T07:34:47.451Z",
      "updated": "2021-08-10T07:34:53.035Z",
      "workflow": 1,
      "name": null,
      "kind": "rename",
      "x": 430.00085241547646,
      "y": 2100.0,
      "data_updated": "2021-08-10T07:34:53.033Z",
      "error": null,
      "input_table": null,
      "select_mode": "keep",
      "union_distinct": false,
      "limit_limit": 100,
      "limit_offset": null,
      "text_text": null,
      "pivot_index": null,
      "pivot_column": null,
      "pivot_value": null,
      "pivot_aggregation": null,
      "unpivot_value": null,
      "unpivot_column": null,
      "sentiment_column": null,
      "always_use_credits": false,
      "uses_credits": 0,
      "credit_use_confirmed": null,
      "credit_confirmed_user": null,
      "has_been_saved": false
    }
  },
  {
    "model": "nodes.node",
    "pk": 14,
    "fields": {
      "created": "2021-08-10T07:34:55.755Z",
      "updated": "2021-08-10T07:34:59.053Z",
      "workflow": 1,
      "name": null,
      "kind": "formula",
      "x": 430.00021124691074,
      "y": 2310.0,
      "data_updated": "2021-08-10T07:34:59.051Z",
      "error": null,
      "input_table": null,
      "select_mode": "keep",
      "union_distinct": false,
      "limit_limit": 100,
      "limit_offset": null,
      "text_text": null,
      "pivot_index": null,
      "pivot_column": null,
      "pivot_value": null,
      "pivot_aggregation": null,
      "unpivot_value": null,
      "unpivot_column": null,
      "sentiment_column": null,
      "always_use_credits": false,
      "uses_credits": 0,
      "credit_use_confirmed": null,
      "credit_confirmed_user": null,
      "has_been_saved": false
    }
  },
  {
    "model": "nodes.node",
    "pk": 15,
    "fields": {
      "created": "2021-08-10T07:35:01.558Z",
      "updated": "2021-08-10T07:35:05.058Z",
      "workflow": 1,
      "name": null,
      "kind": "window",
      "x": 430.0009306961309,
      "y": 2520.0,
      "data_updated": "2021-08-10T07:35:05.055Z",
      "error": null,
      "input_table": null,
      "select_mode": "keep",
      "union_distinct": false,
      "limit_limit": 100,
      "limit_offset": null,
      "text_text": null,
      "pivot_index": null,
      "pivot_column": null,
      "pivot_value": null,
      "pivot_aggregation": null,
      "unpivot_value": null,
      "unpivot_column": null,
      "sentiment_column": null,
      "always_use_credits": false,
      "uses_credits": 0,
      "credit_use_confirmed": null,
      "credit_confirmed_user": null,
      "has_been_saved": false
    }
  },
  {
    "model": "nodes.node",
    "pk": 16,
    "fields": {
      "created": "2021-08-10T07:35:08.678Z",
      "updated": "2021-08-10T07:35:19.540Z",
      "workflow": 1,
      "name": null,
      "kind": "text",
      "x": 0.0006686374486851318,
      "y": 3017.5,
      "data_updated": null,
      "error": null,
      "input_table": null,
      "select_mode": "keep",
      "union_distinct": false,
      "limit_limit": 100,
      "limit_offset": null,
      "text_text": null,
      "pivot_index": null,
      "pivot_column": null,
      "pivot_value": null,
      "pivot_aggregation": null,
      "unpivot_value": null,
      "unpivot_column": null,
      "sentiment_column": null,
      "always_use_credits": false,
      "uses_credits": 0,
      "credit_use_confirmed": null,
      "credit_confirmed_user": null,
      "has_been_saved": false
    }
  },
  {
    "model": "nodes.node",
    "pk": 17,
    "fields": {
      "created": "2021-08-10T07:35:33.088Z",
      "updated": "2021-08-10T07:35:44.792Z",
      "workflow": 1,
      "name": null,
      "kind": "input",
      "x": 130.00091386993816,
      "y": 3267.5,
      "data_updated": "2021-08-10T07:35:44.789Z",
      "error": null,
      "input_table": 4,
      "select_mode": "keep",
      "union_distinct": false,
      "limit_limit": 100,
      "limit_offset": null,
      "text_text": null,
      "pivot_index": null,
      "pivot_column": null,
      "pivot_value": null,
      "pivot_aggregation": null,
      "unpivot_value": null,
      "unpivot_column": null,
      "sentiment_column": null,
      "always_use_credits": false,
      "uses_credits": 0,
      "credit_use_confirmed": null,
      "credit_confirmed_user": null,
      "has_been_saved": false
    }
  },
  {
    "model": "nodes.node",
    "pk": 18,
    "fields": {
      "created": "2021-08-10T07:35:50.306Z",
      "updated": "2021-08-10T07:36:58.312Z",
      "workflow": 1,
      "name": null,
      "kind": "join",
      "x": 430.0004437892676,
      "y": 3017.5,
      "data_updated": "2021-08-10T07:36:58.310Z",
      "error": null,
      "input_table": null,
      "select_mode": "keep",
      "union_distinct": false,
      "limit_limit": 100,
      "limit_offset": null,
      "text_text": null,
      "pivot_index": null,
      "pivot_column": null,
      "pivot_value": null,
      "pivot_aggregation": null,
      "unpivot_value": null,
      "unpivot_column": null,
      "sentiment_column": null,
      "always_use_credits": false,
      "uses_credits": 0,
      "credit_use_confirmed": null,
      "credit_confirmed_user": null,
      "has_been_saved": false
    }
  },
  {
    "model": "nodes.node",
    "pk": 19,
    "fields": {
      "created": "2021-08-10T07:36:32.246Z",
      "updated": "2021-08-10T07:36:32.247Z",
      "workflow": 1,
      "name": null,
      "kind": "input",
      "x": 130.00054088521847,
      "y": 3477.5,
      "data_updated": null,
      "error": null,
      "input_table": null,
      "select_mode": "keep",
      "union_distinct": false,
      "limit_limit": 100,
      "limit_offset": null,
      "text_text": null,
      "pivot_index": null,
      "pivot_column": null,
      "pivot_value": null,
      "pivot_aggregation": null,
      "unpivot_value": null,
      "unpivot_column": null,
      "sentiment_column": null,
      "always_use_credits": false,
      "uses_credits": 0,
      "credit_use_confirmed": null,
      "credit_confirmed_user": null,
      "has_been_saved": false
    }
  },
  {
    "model": "nodes.node",
    "pk": 20,
    "fields": {
      "created": "2021-08-11T09:10:15.616Z",
      "updated": "2021-08-11T09:14:29.745Z",
      "workflow": 1,
      "name": null,
      "kind": "filter",
      "x": 430.00010229335805,
      "y": 2730.0,
      "data_updated": "2021-08-11T09:10:46.114Z",
      "error": null,
      "input_table": null,
      "select_mode": "keep",
      "union_distinct": false,
      "limit_limit": 100,
      "limit_offset": null,
      "text_text": null,
      "pivot_index": null,
      "pivot_column": null,
      "pivot_value": null,
      "pivot_aggregation": null,
      "unpivot_value": null,
      "unpivot_column": null,
      "sentiment_column": null,
      "always_use_credits": false,
      "uses_credits": 0,
      "credit_use_confirmed": null,
      "credit_confirmed_user": null,
      "has_been_saved": false
    }
  },
  {
    "model": "nodes.node",
    "pk": 21,
    "fields": {
      "created": "2021-08-11T09:14:32.857Z",
      "updated": "2021-08-11T09:14:41.227Z",
      "workflow": 1,
      "name": null,
      "kind": "union",
      "x": 600.0001959821742,
      "y": 2662.5,
      "data_updated": "2021-08-11T09:14:41.225Z",
      "error": null,
      "input_table": null,
      "select_mode": "keep",
      "union_distinct": false,
      "limit_limit": 100,
      "limit_offset": null,
      "text_text": null,
      "pivot_index": null,
      "pivot_column": null,
      "pivot_value": null,
      "pivot_aggregation": null,
      "unpivot_value": null,
      "unpivot_column": null,
      "sentiment_column": null,
      "always_use_credits": false,
      "uses_credits": 0,
      "credit_use_confirmed": null,
      "credit_confirmed_user": null,
      "has_been_saved": false
    }
  },
  {
    "model": "nodes.node",
    "pk": 22,
    "fields": {
      "created": "2021-08-11T12:38:17.873Z",
      "updated": "2021-08-11T12:41:29.069Z",
      "workflow": 1,
      "name": null,
      "kind": "intersect",
      "x": 600.0000428308412,
      "y": 2872.5,
      "data_updated": "2021-08-11T12:41:29.066Z",
      "error": null,
      "input_table": null,
      "select_mode": "keep",
      "union_distinct": false,
      "limit_limit": 100,
      "limit_offset": null,
      "text_text": null,
      "pivot_index": null,
      "pivot_column": null,
      "pivot_value": null,
      "pivot_aggregation": null,
      "unpivot_value": null,
      "unpivot_column": null,
      "sentiment_column": null,
      "always_use_credits": false,
      "uses_credits": 0,
      "credit_use_confirmed": null,
      "credit_confirmed_user": null,
      "has_been_saved": false
    }
  },
  {
    "model": "nodes.node",
    "pk": 23,
    "fields": {
      "created": "2021-08-11T14:08:02.486Z",
      "updated": "2021-08-11T14:08:10.386Z",
      "workflow": 1,
      "name": null,
      "kind": "input",
      "x": 130.00043579212917,
      "y": 3687.5,
      "data_updated": "2021-08-11T14:08:10.382Z",
      "error": null,
      "input_table": 5,
      "select_mode": "keep",
      "union_distinct": false,
      "limit_limit": 100,
      "limit_offset": null,
      "text_text": null,
      "pivot_index": null,
      "pivot_column": null,
      "pivot_value": null,
      "pivot_aggregation": null,
      "unpivot_value": null,
      "unpivot_column": null,
      "sentiment_column": null,
      "always_use_credits": false,
      "uses_credits": 0,
      "credit_use_confirmed": null,
      "credit_confirmed_user": null,
      "has_been_saved": false
    }
  },
  {
    "model": "nodes.node",
    "pk": 24,
    "fields": {
      "created": "2021-08-11T14:08:06.112Z",
      "updated": "2021-08-11T14:08:13.417Z",
      "workflow": 1,
      "name": null,
      "kind": "unpivot",
      "x": 430.00059266638146,
      "y": 3687.5,
      "data_updated": "2021-08-11T14:08:13.415Z",
      "error": null,
      "input_table": null,
      "select_mode": "keep",
      "union_distinct": false,
      "limit_limit": 100,
      "limit_offset": null,
      "text_text": null,
      "pivot_index": null,
      "pivot_column": null,
      "pivot_value": null,
      "pivot_aggregation": null,
      "unpivot_value": null,
      "unpivot_column": null,
      "sentiment_column": null,
      "always_use_credits": false,
      "uses_credits": 0,
      "credit_use_confirmed": null,
      "credit_confirmed_user": null,
      "has_been_saved": false
    }
  },
  {
    "model": "nodes.node",
    "pk": 25,
    "fields": {
      "created": "2021-08-13T09:02:28.471Z",
      "updated": "2021-08-13T09:02:28.471Z",
      "workflow": 1,
      "name": null,
      "kind": "aggregation",
      "x": 130.00060000436088,
      "y": 3897.5,
      "data_updated": null,
      "error": null,
      "input_table": null,
      "select_mode": "keep",
      "union_distinct": false,
      "limit_limit": 100,
      "limit_offset": null,
      "text_text": null,
      "pivot_index": null,
      "pivot_column": null,
      "pivot_value": null,
      "pivot_aggregation": null,
      "unpivot_value": null,
      "unpivot_column": null,
      "sentiment_column": null,
      "always_use_credits": false,
      "uses_credits": 0,
      "credit_use_confirmed": null,
      "credit_confirmed_user": null,
      "has_been_saved": false
    }
  },
  {
    "model": "nodes.node",
    "pk": 26,
    "fields": {
      "created": "2021-09-10T15:59:04.409Z",
      "updated": "2021-09-10T15:59:15.610Z",
      "workflow": 1,
      "name": null,
      "kind": "except",
      "x": 600.000137241146,
      "y": 3082.5,
      "data_updated": "2021-09-10T15:59:15.605Z",
      "error": null,
      "input_table": null,
      "select_mode": "keep",
      "union_distinct": false,
      "limit_limit": 100,
      "limit_offset": null,
      "text_text": null,
      "pivot_index": null,
      "pivot_column": null,
      "pivot_value": null,
      "pivot_aggregation": null,
      "unpivot_value": null,
      "unpivot_column": null,
      "sentiment_column": null,
      "always_use_credits": false,
      "uses_credits": 0,
      "credit_use_confirmed": null,
      "credit_confirmed_user": null,
      "has_been_saved": false
    }
  },
  {
    "model": "nodes.node",
    "pk": 27,
    "fields": {
      "created": "2021-12-03T23:50:48.947Z",
      "updated": "2021-12-03T23:52:11.701Z",
      "workflow": 2,
      "name": "Store info sheet",
      "kind": "input",
      "x": 0.0002399768031052987,
      "y": 105.0,
      "data_updated": "2021-12-03T23:51:10.224Z",
      "error": null,
      "input_table": 2,
      "select_mode": "keep",
      "union_distinct": false,
      "limit_limit": 100,
      "limit_offset": null,
      "text_text": null,
      "pivot_index": null,
      "pivot_column": null,
      "pivot_value": null,
      "pivot_aggregation": null,
      "unpivot_value": null,
      "unpivot_column": null,
      "sentiment_column": null,
      "always_use_credits": false,
      "uses_credits": 0,
      "credit_use_confirmed": null,
      "credit_confirmed_user": null,
      "has_been_saved": true
    }
  },
  {
    "model": "nodes.node",
    "pk": 29,
    "fields": {
      "created": "2021-12-03T23:50:57.390Z",
      "updated": "2021-12-03T23:52:16.372Z",
      "workflow": 2,
      "name": "Pivoted",
      "kind": "output",
      "x": 510.00023348711096,
      "y": 105.0,
      "data_updated": "2021-12-03T23:52:05.946Z",
      "error": null,
      "input_table": null,
      "select_mode": "keep",
      "union_distinct": false,
      "limit_limit": 100,
      "limit_offset": null,
      "text_text": null,
      "pivot_index": null,
      "pivot_column": null,
      "pivot_value": null,
      "pivot_aggregation": null,
      "unpivot_value": null,
      "unpivot_column": null,
      "sentiment_column": null,
      "always_use_credits": false,
      "uses_credits": 0,
      "credit_use_confirmed": null,
      "credit_confirmed_user": null,
      "has_been_saved": false
    }
  },
  {
    "model": "nodes.node",
    "pk": 30,
    "fields": {
      "created": "2021-12-03T23:51:17.188Z",
      "updated": "2021-12-03T23:51:37.580Z",
      "workflow": 2,
      "name": null,
      "kind": "filter",
      "x": 170.00004036749016,
      "y": 210.0,
      "data_updated": "2021-12-03T23:51:35.037Z",
      "error": null,
      "input_table": null,
      "select_mode": "keep",
      "union_distinct": false,
      "limit_limit": 100,
      "limit_offset": null,
      "text_text": null,
      "pivot_index": null,
      "pivot_column": null,
      "pivot_value": null,
      "pivot_aggregation": null,
      "unpivot_value": null,
      "unpivot_column": null,
      "sentiment_column": null,
      "always_use_credits": false,
      "uses_credits": 0,
      "credit_use_confirmed": null,
      "credit_confirmed_user": null,
      "has_been_saved": true
    }
  },
  {
    "model": "nodes.node",
    "pk": 31,
    "fields": {
      "created": "2021-12-03T23:51:41.546Z",
      "updated": "2021-12-03T23:52:01.739Z",
      "workflow": 2,
      "name": null,
      "kind": "pivot",
      "x": 340.000304190932,
      "y": 210.0,
      "data_updated": "2021-12-03T23:51:58.991Z",
      "error": null,
      "input_table": null,
      "select_mode": "keep",
      "union_distinct": false,
      "limit_limit": 100,
      "limit_offset": null,
      "text_text": null,
      "pivot_index": "Location",
      "pivot_column": "Owner",
      "pivot_value": "Employees",
      "pivot_aggregation": "sum",
      "unpivot_value": null,
      "unpivot_column": null,
      "sentiment_column": null,
      "always_use_credits": false,
      "uses_credits": 0,
      "credit_use_confirmed": null,
      "credit_confirmed_user": null,
      "has_been_saved": true
    }
  },
  {
    "model": "nodes.node",
    "pk": 32,
    "fields": {
      "created": "2021-12-03T23:52:47.542Z",
      "updated": "2021-12-03T23:53:14.145Z",
      "workflow": 3,
      "name": "Pivoted",
      "kind": "input",
      "x": 0.00013261587996916924,
      "y": 420.0,
      "data_updated": "2021-12-03T23:53:05.623Z",
      "error": null,
      "input_table": 21,
      "select_mode": "keep",
      "union_distinct": false,
      "limit_limit": 100,
      "limit_offset": null,
      "text_text": null,
      "pivot_index": null,
      "pivot_column": null,
      "pivot_value": null,
      "pivot_aggregation": null,
      "unpivot_value": null,
      "unpivot_column": null,
      "sentiment_column": null,
      "always_use_credits": false,
      "uses_credits": 0,
      "credit_use_confirmed": null,
      "credit_confirmed_user": null,
      "has_been_saved": true
    }
  },
  {
    "model": "nodes.node",
    "pk": 34,
    "fields": {
      "created": "2021-12-03T23:53:49.589Z",
      "updated": "2021-12-03T23:54:51.921Z",
      "workflow": 3,
      "name": null,
      "kind": "formula",
      "x": 170.00030118870623,
      "y": 420.0,
      "data_updated": "2021-12-03T23:54:48.739Z",
      "error": null,
      "input_table": null,
      "select_mode": "keep",
      "union_distinct": false,
      "limit_limit": 100,
      "limit_offset": null,
      "text_text": null,
      "pivot_index": null,
      "pivot_column": null,
      "pivot_value": null,
      "pivot_aggregation": null,
      "unpivot_value": null,
      "unpivot_column": null,
      "sentiment_column": null,
      "always_use_credits": false,
      "uses_credits": 0,
      "credit_use_confirmed": null,
      "credit_confirmed_user": null,
      "has_been_saved": true
    }
  },
  {
    "model": "nodes.node",
    "pk": 35,
    "fields": {
      "created": "2021-12-03T23:54:54.642Z",
      "updated": "2021-12-03T23:55:06.001Z",
      "workflow": 3,
      "name": "Coalesced",
      "kind": "output",
      "x": 340.0002430063872,
      "y": 420.0,
      "data_updated": "2021-12-03T23:54:57.237Z",
      "error": null,
      "input_table": null,
      "select_mode": "keep",
      "union_distinct": false,
      "limit_limit": 100,
      "limit_offset": null,
      "text_text": null,
      "pivot_index": null,
      "pivot_column": null,
      "pivot_value": null,
      "pivot_aggregation": null,
      "unpivot_value": null,
      "unpivot_column": null,
      "sentiment_column": null,
      "always_use_credits": false,
      "uses_credits": 0,
      "credit_use_confirmed": null,
      "credit_confirmed_user": null,
      "has_been_saved": false
    }
  },
  {
    "model": "nodes.edge",
    "pk": 1,
    "fields": {
      "created": "2021-08-10T07:31:49.994Z",
      "updated": "2021-08-10T07:32:53.406Z",
      "child": 2,
      "parent": 1,
      "position": 0
    }
  },
  {
    "model": "nodes.edge",
    "pk": 2,
    "fields": {
      "created": "2021-08-10T07:32:58.092Z",
      "updated": "2021-08-10T07:33:00.909Z",
      "child": 3,
      "parent": 1,
      "position": 0
    }
  },
  {
    "model": "nodes.edge",
    "pk": 3,
    "fields": {
      "created": "2021-08-10T07:33:08.633Z",
      "updated": "2021-08-10T07:33:11.853Z",
      "child": 4,
      "parent": 1,
      "position": 0
    }
  },
  {
    "model": "nodes.edge",
    "pk": 4,
    "fields": {
      "created": "2021-08-10T07:33:18.823Z",
      "updated": "2021-08-10T07:33:28.498Z",
      "child": 5,
      "parent": 1,
      "position": 0
    }
  },
  {
    "model": "nodes.edge",
    "pk": 5,
    "fields": {
      "created": "2021-08-10T07:33:21.412Z",
      "updated": "2021-08-10T07:33:32.042Z",
      "child": 6,
      "parent": 1,
      "position": 0
    }
  },
  {
    "model": "nodes.edge",
    "pk": 6,
    "fields": {
      "created": "2021-08-10T07:33:35.104Z",
      "updated": "2021-08-10T07:33:38.806Z",
      "child": 7,
      "parent": 1,
      "position": 0
    }
  },
  {
    "model": "nodes.edge",
    "pk": 7,
    "fields": {
      "created": "2021-08-10T07:33:43.482Z",
      "updated": "2021-08-10T07:33:48.305Z",
      "child": 8,
      "parent": 1,
      "position": 0
    }
  },
  {
    "model": "nodes.edge",
    "pk": 8,
    "fields": {
      "created": "2021-08-10T07:33:54.419Z",
      "updated": "2021-08-10T07:33:58.373Z",
      "child": 9,
      "parent": 1,
      "position": 0
    }
  },
  {
    "model": "nodes.edge",
    "pk": 9,
    "fields": {
      "created": "2021-08-10T07:34:30.965Z",
      "updated": "2021-08-10T07:34:34.624Z",
      "child": 11,
      "parent": 1,
      "position": 0
    }
  },
  {
    "model": "nodes.edge",
    "pk": 10,
    "fields": {
      "created": "2021-08-10T07:34:40.253Z",
      "updated": "2021-08-10T07:34:44.739Z",
      "child": 12,
      "parent": 1,
      "position": 0
    }
  },
  {
    "model": "nodes.edge",
    "pk": 11,
    "fields": {
      "created": "2021-08-10T07:34:47.451Z",
      "updated": "2021-08-10T07:34:53.035Z",
      "child": 13,
      "parent": 1,
      "position": 0
    }
  },
  {
    "model": "nodes.edge",
    "pk": 12,
    "fields": {
      "created": "2021-08-10T07:34:55.755Z",
      "updated": "2021-08-10T07:34:59.053Z",
      "child": 14,
      "parent": 1,
      "position": 0
    }
  },
  {
    "model": "nodes.edge",
    "pk": 13,
    "fields": {
      "created": "2021-08-10T07:35:01.558Z",
      "updated": "2021-08-10T07:35:05.058Z",
      "child": 15,
      "parent": 1,
      "position": 0
    }
  },
  {
    "model": "nodes.edge",
    "pk": 14,
    "fields": {
      "created": "2021-08-10T07:35:50.306Z",
      "updated": "2021-08-10T07:36:58.312Z",
      "child": 18,
      "parent": 1,
      "position": 0
    }
  },
  {
    "model": "nodes.edge",
    "pk": 15,
    "fields": {
      "created": "2021-08-10T07:35:50.306Z",
      "updated": "2021-08-10T07:36:58.312Z",
      "child": 18,
      "parent": 17,
      "position": 1
    }
  },
  {
    "model": "nodes.edge",
    "pk": 16,
    "fields": {
      "created": "2021-08-11T09:10:15.616Z",
      "updated": "2021-08-11T09:14:29.745Z",
      "child": 20,
      "parent": 1,
      "position": 0
    }
  },
  {
    "model": "nodes.edge",
    "pk": 17,
    "fields": {
      "created": "2021-08-11T09:14:32.857Z",
      "updated": "2021-08-11T09:14:41.227Z",
      "child": 21,
      "parent": 1,
      "position": 0
    }
  },
  {
    "model": "nodes.edge",
    "pk": 18,
    "fields": {
      "created": "2021-08-11T09:14:32.857Z",
      "updated": "2021-08-11T09:14:41.227Z",
      "child": 21,
      "parent": 20,
      "position": 1
    }
  },
  {
    "model": "nodes.edge",
    "pk": 19,
    "fields": {
      "created": "2021-08-11T12:38:17.873Z",
      "updated": "2021-08-11T12:41:29.069Z",
      "child": 22,
      "parent": 1,
      "position": 0
    }
  },
  {
    "model": "nodes.edge",
    "pk": 20,
    "fields": {
      "created": "2021-08-11T12:38:17.873Z",
      "updated": "2021-08-11T12:41:29.069Z",
      "child": 22,
      "parent": 20,
      "position": 1
    }
  },
  {
    "model": "nodes.edge",
    "pk": 21,
    "fields": {
      "created": "2021-08-11T14:08:06.112Z",
      "updated": "2021-08-11T14:08:13.417Z",
      "child": 24,
      "parent": 23,
      "position": 0
    }
  },
  {
    "model": "nodes.edge",
    "pk": 22,
    "fields": {
      "created": "2021-09-10T15:59:04.409Z",
      "updated": "2021-09-10T15:59:15.610Z",
      "child": 26,
      "parent": 1,
      "position": 0
    }
  },
  {
    "model": "nodes.edge",
    "pk": 23,
    "fields": {
      "created": "2021-09-10T15:59:04.409Z",
      "updated": "2021-09-10T15:59:15.610Z",
      "child": 26,
      "parent": 20,
      "position": 1
    }
  },
  {
    "model": "nodes.edge",
    "pk": 26,
    "fields": {
      "created": "2021-12-03T23:51:19.570Z",
      "updated": "2021-12-03T23:51:19.570Z",
      "child": 30,
      "parent": 27,
      "position": 0
    }
  },
  {
    "model": "nodes.edge",
    "pk": 27,
    "fields": {
      "created": "2021-12-03T23:51:44.724Z",
      "updated": "2021-12-03T23:51:44.724Z",
      "child": 31,
      "parent": 30,
      "position": 0
    }
  },
  {
    "model": "nodes.edge",
    "pk": 28,
    "fields": {
      "created": "2021-12-03T23:52:05.973Z",
      "updated": "2021-12-03T23:52:05.973Z",
      "child": 29,
      "parent": 31,
      "position": 0
    }
  },
  {
    "model": "nodes.edge",
    "pk": 29,
    "fields": {
      "created": "2021-12-03T23:53:53.476Z",
      "updated": "2021-12-03T23:53:53.476Z",
      "child": 34,
      "parent": 32,
      "position": 0
    }
  },
  {
    "model": "nodes.edge",
    "pk": 30,
    "fields": {
      "created": "2021-12-03T23:54:57.247Z",
      "updated": "2021-12-03T23:54:57.247Z",
      "child": 35,
      "parent": 34,
      "position": 0
    }
  },
  {
    "model": "columns.aggregationcolumn",
    "pk": 1,
    "fields": {
      "created": "2021-08-30T19:30:10.265Z",
      "updated": "2021-08-30T19:30:10.265Z",
      "name": null,
      "rounding": 2,
      "currency": null,
      "is_percentage": false,
      "column": "bounce_rate",
      "function": "mean",
      "node": null,
      "widget": 1
    }
  },
  {
    "model": "columns.aggregationcolumn",
    "pk": 2,
    "fields": {
      "created": "2021-08-30T19:30:48.636Z",
      "updated": "2021-08-30T19:30:48.636Z",
      "name": null,
      "rounding": 2,
      "currency": null,
      "is_percentage": false,
      "column": "avg_session_duration",
      "function": "mean",
      "node": null,
      "widget": 1
    }
  },
  {
    "model": "columns.aggregationcolumn",
    "pk": 5,
    "fields": {
      "created": "2021-08-31T00:59:45.612Z",
      "updated": "2021-08-31T01:00:23.789Z",
      "name": null,
      "rounding": 2,
      "currency": null,
      "is_percentage": false,
      "column": "Employees",
      "function": "sum",
      "node": null,
      "widget": 3
    }
  },
  {
    "model": "columns.formulacolumn",
    "pk": 1,
    "fields": {
      "created": "2021-12-03T23:54:22.018Z",
      "updated": "2021-12-03T23:54:22.018Z",
      "node": 34,
      "formula": "coalesce(Alex, 0)",
      "label": "Alex"
    }
  },
  {
    "model": "columns.formulacolumn",
    "pk": 2,
    "fields": {
      "created": "2021-12-03T23:54:48.730Z",
      "updated": "2021-12-03T23:54:48.730Z",
      "node": 34,
      "formula": "coalesce(Matt, 0)",
      "label": "Matt"
    }
  },
  {
    "model": "columns.formulacolumn",
    "pk": 3,
    "fields": {
      "created": "2021-12-03T23:54:48.738Z",
      "updated": "2021-12-03T23:54:48.738Z",
      "node": 34,
      "formula": "coalesce(Kanar, 0)",
      "label": "Kanar"
    }
  },
  {
    "model": "columns.formulacolumn",
    "pk": 4,
    "fields": {
      "created": "2021-12-03T23:54:48.747Z",
      "updated": "2021-12-03T23:54:48.747Z",
      "node": 34,
      "formula": "coalesce(Floris, 0)",
      "label": "Floris"
    }
  },
  {
    "model": "uploads.upload",
    "pk": 1,
    "fields": {
      "created": "2021-07-27T13:17:27.984Z",
      "updated": "2021-07-27T13:17:27.987Z",
      "integration": 1,
      "file_gcs_path": "cypress/integrations/store_info-1627391842010578.csv",
      "field_delimiter": "comma"
    }
  },
  {
    "model": "uploads.upload",
    "pk": 2,
    "fields": {
      "created": "2021-08-10T07:30:01.223Z",
      "updated": "2021-08-10T07:30:05.253Z",
      "integration": 3,
      "file_gcs_path": "cypress/integrations/store_info-1628580600032663.csv",
      "field_delimiter": "comma"
    }
  },
  {
    "model": "uploads.upload",
    "pk": 3,
    "fields": {
      "created": "2021-08-10T07:32:04.910Z",
      "updated": "2021-08-10T07:32:09.105Z",
      "integration": 4,
      "file_gcs_path": "cypress/integrations/revenue-1628580724160651.csv",
      "field_delimiter": "comma"
    }
  },
  {
    "model": "uploads.upload",
    "pk": 4,
    "fields": {
      "created": "2021-08-11T14:07:41.028Z",
      "updated": "2021-08-11T14:07:44.921Z",
      "integration": 5,
      "file_gcs_path": "cypress/integrations/pivot-1628690860210745.csv",
      "field_delimiter": "comma"
    }
  },
  {
    "model": "uploads.upload",
    "pk": 6,
    "fields": {
      "created": "2021-08-31T00:58:18.465Z",
      "updated": "2021-08-31T00:58:23.827Z",
      "integration": 14,
      "file_gcs_path": "cypress/integrations/store_info-16303714979454799.csv",
      "field_delimiter": "comma"
    }
  },
  {
    "model": "sheets.sheet",
    "pk": 1,
    "fields": {
      "created": "2021-08-08T20:28:24.090Z",
      "updated": "2021-12-03T23:55:23.784Z",
      "integration": 2,
      "url": "https://docs.google.com/spreadsheets/d/1mfauospJlft0B304j7em1vcyE1QKKVMhZjyLfIAnvmU/edit",
      "sheet_name": null,
      "cell_range": "store_info!A1:D11",
      "drive_file_last_modified_at_sync": "2021-08-08T16:46:04.194Z",
      "drive_modified_date": "2021-10-21T20:18:31.669Z"
    }
  },
  {
    "model": "connectors.connector",
    "pk": 1,
    "fields": {
      "created": "2021-08-10T10:03:16.771Z",
      "updated": "2021-11-03T17:31:36.882Z",
      "integration": 6,
      "fivetran_authorized": true,
      "fivetran_sync_started": null,
      "bigquery_succeeded_at": null,
      "fivetran_id": "plexus_impatient",
      "group_id": "general_candor",
      "service": "heroku_postgres",
      "service_version": 3,
      "schema": "team_1_heroku_postgres_0e684903d1044f7280bb061fd3c179a4",
      "paused": false,
      "pause_after_trial": false,
      "connected_by": "residual_typing",
      "created_at": "2021-08-10T14:10:36.984Z",
      "succeeded_at": "2021-08-25T12:26:16.959Z",
      "failed_at": "2021-09-08T18:07:29.001Z",
      "sync_frequency": 360,
      "daily_sync_time": null,
      "schedule_type": "auto",
      "setup_state": "broken",
      "sync_state": "rescheduled",
      "update_state": "delayed",
      "is_historical_sync": false,
      "tasks": [{ "code": "change_in_tls_detected", "message": "Revalidate TLS Certificate" }],
      "warnings": [
        { "code": "long_term_broken_connector", "message": "Connector broken for over 7 days" }
      ],
      "config": {
        "host": "ec2-52-50-171-4.eu-west-1.compute.amazonaws.com",
        "port": 5432,
        "user": "dzabfqmpyswfll",
        "database": "dfjd6hoi1qur8d",
        "password": "******",
        "update_method": "XMIN",
        "connection_type": "Directly"
      },
      "source_sync_details": null,
      "schema_config": null,
      "sync_task_id": null,
      "sync_started": null,
      "setup_mode": "advanced",
      "basic_reports": "[]"
    }
  },
  {
    "model": "connectors.connector",
    "pk": 2,
    "fields": {
      "created": "2021-08-10T10:40:23.586Z",
      "updated": "2021-11-03T17:31:34.953Z",
      "integration": 7,
      "fivetran_authorized": true,
      "fivetran_sync_started": null,
      "bigquery_succeeded_at": null,
      "fivetran_id": "grown_animation",
      "group_id": "general_candor",
      "service": "facebook_ads",
      "service_version": 0,
      "schema": "mvp_team_000013_facebook_ads_7966a65c27b148d98168df553dd7b81b",
      "paused": false,
      "pause_after_trial": false,
      "connected_by": "residual_typing",
      "created_at": "2021-08-10T10:35:57.270Z",
      "succeeded_at": "2021-11-03T12:21:16.479Z",
      "failed_at": "2021-10-04T21:32:53.448Z",
      "sync_frequency": 360,
      "daily_sync_time": null,
      "schedule_type": "auto",
      "setup_state": "connected",
      "sync_state": "scheduled",
      "update_state": "on_schedule",
      "is_historical_sync": false,
      "tasks": [],
      "warnings": [],
      "config": { "sync_mode": "AllAccounts", "sync_metadata": true, "timeframe_months": "SIX" },
      "source_sync_details": { "account_ids": ["act_78363492"] },
      "schema_config": null,
      "sync_task_id": null,
      "sync_started": null,
      "setup_mode": "advanced",
      "basic_reports": "[]"
    }
  },
  {
    "model": "connectors.connector",
    "pk": 3,
    "fields": {
      "created": "2021-08-10T10:40:23.586Z",
      "updated": "2021-11-03T17:31:35.855Z",
      "integration": 8,
      "fivetran_authorized": true,
      "fivetran_sync_started": null,
      "bigquery_succeeded_at": null,
      "fivetran_id": "humid_rifle",
      "group_id": "general_candor",
      "service": "google_analytics",
      "service_version": 1,
      "schema": "team_1_google_analytics_a3b8bcf82f804f43a998ce683f332be2",
      "paused": false,
      "pause_after_trial": false,
      "connected_by": "residual_typing",
      "created_at": "2021-07-29T12:44:47.204Z",
      "succeeded_at": "2021-11-03T12:27:44.782Z",
      "failed_at": "2021-10-05T06:30:23.170Z",
      "sync_frequency": 360,
      "daily_sync_time": null,
      "schedule_type": "auto",
      "setup_state": "connected",
      "sync_state": "scheduled",
      "update_state": "on_schedule",
      "is_historical_sync": false,
      "tasks": [],
      "warnings": [],
      "config": {
        "reports": [
          {
            "table": "adwords_campaigns",
            "metrics": [
              "goalValueAll",
              "sessions",
              "adClicks",
              "goalCompletionsAll",
              "adCost",
              "CPC",
              "goalConversionRateAll",
              "users",
              "bounceRate"
            ],
            "dimensions": ["date", "adwordsCampaignID"],
            "config_type": "Prebuilt",
            "prebuilt_report": "ADWORDS_CAMPAIGNS"
          },
          {
            "table": "adwords_hourly_stats",
            "metrics": [
              "goalValueAll",
              "sessions",
              "adClicks",
              "goalCompletionsAll",
              "adCost",
              "CPC",
              "pageviewsPerSession",
              "goalConversionRateAll",
              "users",
              "bounceRate"
            ],
            "dimensions": ["date", "dateHour"],
            "config_type": "Prebuilt",
            "prebuilt_report": "ADWORDS_HOURLY_STATS"
          },
          {
            "table": "adwords_keyword",
            "metrics": [
              "goalValueAll",
              "sessions",
              "adClicks",
              "goalCompletionsAll",
              "adCost",
              "CPC",
              "pageviewsPerSession",
              "goalConversionRateAll",
              "users",
              "bounceRate"
            ],
            "dimensions": ["date", "keyword"],
            "config_type": "Prebuilt",
            "prebuilt_report": "ADWORDS_KEYWORD"
          },
          {
            "table": "audience_overview",
            "metrics": [
              "newUsers",
              "sessions",
              "sessionsPerUser",
              "pageviews",
              "avgSessionDuration",
              "pageviewsPerSession",
              "users",
              "bounceRate"
            ],
            "dimensions": ["date"],
            "config_type": "Prebuilt",
            "prebuilt_report": "AUDIENCE_OVERVIEW"
          },
          {
            "table": "browser_and_operating_system_overview",
            "metrics": [
              "goalValueAll",
              "newUsers",
              "sessions",
              "avgSessionDuration",
              "goalCompletionsAll",
              "pageviewsPerSession",
              "goalConversionRateAll",
              "users",
              "bounceRate"
            ],
            "dimensions": ["date", "browser", "operatingSystem"],
            "config_type": "Prebuilt",
            "prebuilt_report": "BROWSER_AND_OPERATING_SYSTEM_OVERVIEW"
          },
          {
            "table": "campaign_performance",
            "metrics": [
              "goalValueAll",
              "newUsers",
              "sessions",
              "goalCompletionsAll",
              "pageviewsPerSession",
              "goalConversionRateAll",
              "users",
              "bounceRate"
            ],
            "dimensions": ["date", "campaign"],
            "config_type": "Prebuilt",
            "prebuilt_report": "CAMPAIGN_PERFORMANCE"
          },
          {
            "table": "channel_traffic",
            "metrics": [
              "goalValueAll",
              "newUsers",
              "sessions",
              "avgSessionDuration",
              "goalCompletionsAll",
              "percentNewSessions",
              "pageviewsPerSession",
              "goalConversionRateAll",
              "users",
              "bounceRate"
            ],
            "dimensions": ["date", "channelGrouping"],
            "config_type": "Prebuilt",
            "prebuilt_report": "CHANNEL_TRAFFIC"
          },
          {
            "table": "events_overview",
            "metrics": [
              "eventValue",
              "totalEvents",
              "sessionsWithEvent",
              "eventsPerSessionWithEvent",
              "avgEventValue",
              "uniqueEvents"
            ],
            "dimensions": ["date", "eventCategory"],
            "config_type": "Prebuilt",
            "prebuilt_report": "EVENTS_OVERVIEW"
          },
          {
            "table": "social_media_acquisitions",
            "metrics": [
              "sessions",
              "newUsers",
              "pageviews",
              "avgSessionDuration",
              "transactionRevenue",
              "percentNewSessions",
              "pageviewsPerSession",
              "transactions",
              "transactionsPerSession",
              "bounceRate"
            ],
            "dimensions": ["date", "socialNetwork"],
            "config_type": "Prebuilt",
            "prebuilt_report": "SOCIAL_MEDIA_ACQUISITIONS"
          },
          {
            "table": "traffic",
            "metrics": [
              "pageviews",
              "avgTimeOnPage",
              "pageValue",
              "uniquePageviews",
              "exitRate",
              "entrances",
              "users",
              "bounceRate"
            ],
            "dimensions": ["date", "pageTitle"],
            "config_type": "Prebuilt",
            "prebuilt_report": "TRAFFIC"
          }
        ],
        "accounts": ["82798099"],
        "profiles": ["237044023"],
        "sync_mode": "SpecificAccounts",
        "timeframe_months": "ALL_TIME"
      },
      "source_sync_details": { "profile_ids": ["237044023"] },
      "schema_config": null,
      "sync_task_id": null,
      "sync_started": null,
      "setup_mode": "advanced",
      "basic_reports": "[]"
    }
  },
  {
    "model": "connectors.connector",
    "pk": 8,
    "fields": {
      "created": "2021-08-10T12:54:44.273Z",
      "updated": "2021-11-03T17:31:34.021Z",
      "integration": 9,
      "fivetran_authorized": true,
      "fivetran_sync_started": null,
      "bigquery_succeeded_at": null,
      "fivetran_id": "overtime_froze",
      "group_id": "general_candor",
      "service": "shopify",
      "service_version": 0,
      "schema": "team_1_shopify_3d74304d54144cf59f97f304da4e6d95",
      "paused": false,
      "pause_after_trial": false,
      "connected_by": "residual_typing",
      "created_at": "2021-08-10T12:53:47.812Z",
      "succeeded_at": "2021-08-24T06:37:48.417Z",
      "failed_at": "2021-09-21T22:48:08.033Z",
      "sync_frequency": 360,
      "daily_sync_time": null,
      "schedule_type": "auto",
      "setup_state": "broken",
      "sync_state": "rescheduled",
      "update_state": "on_schedule",
      "is_historical_sync": true,
      "tasks": [{ "code": "reconnect", "message": "Reconnect" }],
      "warnings": [
        { "code": "long_term_broken_connector", "message": "Connector broken for over 7 days" }
      ],
      "config": { "shop": "gyanalimited" },
      "source_sync_details": null,
      "schema_config": null,
      "sync_task_id": null,
      "sync_started": null,
      "setup_mode": "advanced",
      "basic_reports": "[]"
    }
  },
  {
    "model": "connectors.connector",
    "pk": 9,
    "fields": {
      "created": "2021-08-30T19:05:46.412Z",
      "updated": "2021-11-03T17:31:33.091Z",
      "integration": 13,
      "fivetran_authorized": true,
      "fivetran_sync_started": null,
      "bigquery_succeeded_at": null,
      "fivetran_id": "preshow_regardless",
      "group_id": "general_candor",
      "service": "google_analytics",
      "service_version": 1,
      "schema": "team_13_google_analytics_75cb232675b24a089c27fd1ab9168860",
      "paused": true,
      "pause_after_trial": false,
      "connected_by": "residual_typing",
      "created_at": "2021-08-19T12:45:25.684Z",
      "succeeded_at": null,
      "failed_at": null,
      "sync_frequency": 360,
      "daily_sync_time": null,
      "schedule_type": "auto",
      "setup_state": "incomplete",
      "sync_state": "paused",
      "update_state": "on_schedule",
      "is_historical_sync": true,
      "tasks": [],
      "warnings": [],
      "config": {
        "reports": [
          {
            "table": "adwords_campaigns",
            "config_type": "Prebuilt",
            "prebuilt_report": "ADWORDS_CAMPAIGNS"
          },
          {
            "table": "adwords_hourly_stats",
            "config_type": "Prebuilt",
            "prebuilt_report": "ADWORDS_HOURLY_STATS"
          },
          {
            "table": "adwords_keyword",
            "config_type": "Prebuilt",
            "prebuilt_report": "ADWORDS_KEYWORD"
          },
          {
            "table": "audience_overview",
            "config_type": "Prebuilt",
            "prebuilt_report": "AUDIENCE_OVERVIEW"
          },
          {
            "table": "browser_and_operating_system_overview",
            "config_type": "Prebuilt",
            "prebuilt_report": "BROWSER_AND_OPERATING_SYSTEM_OVERVIEW"
          },
          {
            "table": "campaign_performance",
            "config_type": "Prebuilt",
            "prebuilt_report": "CAMPAIGN_PERFORMANCE"
          },
          {
            "table": "channel_traffic",
            "config_type": "Prebuilt",
            "prebuilt_report": "CHANNEL_TRAFFIC"
          },
          {
            "table": "events_overview",
            "config_type": "Prebuilt",
            "prebuilt_report": "EVENTS_OVERVIEW"
          },
          {
            "table": "social_media_acquisitions",
            "config_type": "Prebuilt",
            "prebuilt_report": "SOCIAL_MEDIA_ACQUISITIONS"
          },
          { "table": "traffic", "config_type": "Prebuilt", "prebuilt_report": "TRAFFIC" }
        ],
        "sync_mode": "AllAccounts",
        "timeframe_months": "ALL_TIME"
      },
      "source_sync_details": null,
      "schema_config": null,
      "sync_task_id": null,
      "sync_started": null,
      "setup_mode": "advanced",
      "basic_reports": "[]"
    }
  },
  {
    "model": "appsumo.appsumocode",
    "pk": 1,
    "fields": {
      "created": "2021-08-23T23:00:00Z",
      "updated": "2021-08-23T23:00:00Z",
      "code": "12345678",
      "team": null,
      "deal": "usd_49",
      "redeemed": null,
      "refunded_before": null,
      "redeemed_by": null
    }
  },
  {
    "model": "appsumo.appsumocode",
    "pk": 2,
    "fields": {
      "created": "2021-08-23T23:00:00Z",
      "updated": "2021-08-23T23:00:00Z",
      "code": "ABCDEFGH",
      "team": 1,
      "deal": "usd_59",
      "redeemed": "2021-08-23T23:00:00Z",
      "refunded_before": null,
      "redeemed_by": null
    }
  },
  {
    "model": "appsumo.appsumocode",
    "pk": 3,
    "fields": {
      "created": "2021-08-23T23:00:00Z",
      "updated": "2021-08-23T23:00:00Z",
      "code": "QWERTYUI",
      "team": null,
      "deal": "usd_179",
      "redeemed": "2021-08-23T23:00:00Z",
      "refunded_before": null,
      "redeemed_by": null
    }
  },
  {
    "model": "templates.template",
    "pk": 1,
    "fields": {
      "created": "2021-08-30T21:44:56.106Z",
      "updated": "2021-08-30T21:44:56.106Z",
      "project": 6
    }
  },
  {
    "model": "runs.jobrun",
    "pk": 1,
    "fields": {
      "created": "2021-12-08T15:16:24.045Z",
      "updated": "2021-12-08T15:16:24.045Z",
      "state": "success",
      "started_at": "2021-08-31T00:58:20.370Z",
      "completed_at": "2021-08-31T00:58:25.370Z",
      "user": null,
      "task_id": "b157cb85-ba71-4a56-983e-7cf7a6b09e73",
      "result": null,
      "source": "integration",
      "integration": 14,
      "workflow": null,
      "graph_run": null
    }
  },
  {
    "model": "runs.jobrun",
    "pk": 2,
    "fields": {
      "created": "2021-12-08T15:16:24.049Z",
      "updated": "2021-12-08T15:16:24.049Z",
      "state": "success",
      "started_at": "2021-08-30T19:05:46.412Z",
      "completed_at": "2021-08-30T19:05:51.412Z",
      "user": null,
      "task_id": "046b5f1f-d1c7-4546-af58-b9ba9fd961b2",
      "result": null,
      "source": "integration",
      "integration": 13,
      "workflow": null,
      "graph_run": null
    }
  },
  {
    "model": "runs.jobrun",
    "pk": 3,
    "fields": {
      "created": "2021-12-08T15:16:24.050Z",
      "updated": "2021-12-08T15:16:24.050Z",
      "state": "success",
      "started_at": "2021-08-11T14:07:41.043Z",
      "completed_at": "2021-08-11T14:07:46.043Z",
      "user": null,
      "task_id": "232cd31d-a6e6-4e67-95ff-5afd45560277",
      "result": null,
      "source": "integration",
      "integration": 5,
      "workflow": null,
      "graph_run": null
    }
  },
  {
    "model": "runs.jobrun",
    "pk": 4,
    "fields": {
      "created": "2021-12-08T15:16:24.051Z",
      "updated": "2021-12-08T15:16:24.051Z",
      "state": "success",
      "started_at": "2021-08-10T07:32:04.919Z",
      "completed_at": "2021-08-10T07:32:09.919Z",
      "user": null,
      "task_id": "d0e6091d-7343-4cfb-9d38-92a59cad92b3",
      "result": null,
      "source": "integration",
      "integration": 4,
      "workflow": null,
      "graph_run": null
    }
  },
  {
    "model": "runs.jobrun",
    "pk": 5,
    "fields": {
      "created": "2021-12-08T15:16:24.052Z",
      "updated": "2021-12-08T15:16:24.052Z",
      "state": "success",
      "started_at": "2021-08-10T07:30:01.347Z",
      "completed_at": "2021-08-10T07:30:06.347Z",
      "user": null,
      "task_id": "1a2e3e76-3a94-4284-8d7d-48f604690ffc",
      "result": null,
      "source": "integration",
      "integration": 3,
      "workflow": null,
      "graph_run": null
    }
  },
  {
    "model": "runs.jobrun",
    "pk": 6,
    "fields": {
      "created": "2021-12-08T15:16:24.054Z",
      "updated": "2021-12-08T15:16:24.054Z",
      "state": "success",
      "started_at": "2021-08-08T20:28:24.090Z",
      "completed_at": "2021-08-08T20:28:29.090Z",
      "user": null,
      "task_id": "aa5c3086-1f87-434f-9d5b-48bd69786b33",
      "result": null,
      "source": "integration",
      "integration": 2,
      "workflow": null,
      "graph_run": null
    }
  },
  {
    "model": "runs.jobrun",
    "pk": 7,
    "fields": {
      "created": "2021-12-08T15:16:24.055Z",
      "updated": "2021-12-08T15:16:24.055Z",
      "state": "success",
      "started_at": "2021-07-27T13:17:27.984Z",
      "completed_at": "2021-07-27T13:17:32.984Z",
      "user": null,
      "task_id": "df9e7627-b19a-4400-b0e8-894ca1ff9124",
      "result": null,
      "source": "integration",
      "integration": 1,
      "workflow": null,
      "graph_run": null
    }
  },
  {
    "model": "runs.jobrun",
    "pk": 8,
    "fields": {
      "created": "2021-12-13T22:47:58.099Z",
      "updated": "2021-12-13T22:47:58.099Z",
      "state": "success",
      "started_at": "2021-12-03T23:55:06.732Z",
      "completed_at": "2021-12-03T23:55:11.732Z",
      "user": null,
      "task_id": null,
      "result": null,
      "source": "workflow",
      "integration": null,
      "workflow": 3,
      "graph_run": null
    }
  },
  {
    "model": "runs.jobrun",
    "pk": 9,
    "fields": {
      "created": "2021-12-13T22:47:58.102Z",
      "updated": "2021-12-13T22:47:58.102Z",
      "state": "success",
      "started_at": "2021-12-03T23:52:53.722Z",
      "completed_at": "2021-12-03T23:52:58.722Z",
      "user": null,
      "task_id": null,
      "result": null,
      "source": "workflow",
      "integration": null,
      "workflow": 2,
      "graph_run": null
    }
  },
  {
    "model": "runs.jobrun",
    "pk": 10,
    "fields": {
      "created": "2021-12-16T01:46:42.564Z",
      "updated": "2022-03-02T11:01:05.930Z",
      "state": "success",
      "started_at": "2021-12-16T01:46:42.563Z",
      "completed_at": "2021-12-16T01:46:46.036Z",
      "user": ["test"],
      "task_id": "32f7a738-c597-4aae-9429-303873aaad18",
      "result": 1,
      "source": "integration",
      "integration": 15,
      "workflow": null,
      "graph_run": null
    }
  },
  {
    "model": "customapis.customapi",
    "pk": 1,
    "fields": {
      "created": "2021-12-16T01:46:40.573Z",
      "updated": "2021-12-16T01:46:43.169Z",
      "integration": 15,
      "url": "https://jsonplaceholder.typicode.com/todos",
      "json_path": "$",
      "ndjson_file": "cypress/custom_api_jsonnl/customapi_1.ndjson",
      "http_request_method": "GET",
      "authorization": "no_auth",
      "api_key_key": null,
      "api_key_value": null,
      "api_key_add_to": "http_header",
      "bearer_token": null,
      "username": null,
      "password": null,
      "oauth2": null,
      "body": "none",
      "body_raw": null,
      "body_binary": ""
    }
  },
  {
    "model": "account.emailaddress",
    "pk": 1,
    "fields": { "user": ["test"], "email": "test@gyana.com", "verified": true, "primary": true }
  },
  {
    "model": "account.emailaddress",
    "pk": 2,
    "fields": { "user": ["alone"], "email": "alone@gyana.com", "verified": true, "primary": true }
  },
  {
    "model": "account.emailaddress",
    "pk": 3,
    "fields": { "user": ["admin"], "email": "admin@gyana.com", "verified": true, "primary": true }
  },
  {
    "model": "socialaccount.socialapp",
    "pk": 1,
    "fields": {
      "provider": "google",
      "name": "Google",
      "client_id": "766404612569-gn5hok52al6q1ob04rfmha8k4bns09me.apps.googleusercontent.com",
      "secret": "l9xbaHAi5xf4WuRji3PiTq-z",
      "key": "",
      "sites": [["localhost:8000"]]
    }
  },
  {
    "model": "djpaddle.plan",
    "pk": 18567,
    "fields": {
      "created_at": "2021-11-08T23:50:38.699Z",
      "updated_at": "2021-11-08T23:50:38.699Z",
      "name": "Pro",
      "billing_type": "month",
      "billing_period": 1,
      "trial_days": 0
    }
  },
  {
    "model": "djpaddle.plan",
    "pk": 18932,
    "fields": {
      "created_at": "2021-11-08T23:50:38.706Z",
      "updated_at": "2021-11-08T23:50:38.706Z",
      "name": "Business",
      "billing_type": "month",
      "billing_period": 1,
      "trial_days": 0
    }
  },
  {
    "model": "djpaddle.price",
    "pk": 1,
    "fields": {
      "created_at": "2021-11-08T23:50:38.704Z",
      "updated_at": "2021-11-08T23:50:38.704Z",
      "plan": 18567,
      "currency": "USD",
      "quantity": 0.0,
      "recurring": false
    }
  },
  {
    "model": "djpaddle.price",
    "pk": 2,
    "fields": {
      "created_at": "2021-11-08T23:50:38.704Z",
      "updated_at": "2021-11-08T23:50:38.704Z",
      "plan": 18567,
      "currency": "USD",
      "quantity": 30.0,
      "recurring": true
    }
  },
  {
    "model": "djpaddle.price",
    "pk": 3,
    "fields": {
      "created_at": "2021-11-08T23:50:38.724Z",
      "updated_at": "2021-11-08T23:50:38.724Z",
      "plan": 18932,
      "currency": "USD",
      "quantity": 0.0,
      "recurring": false
    }
  },
  {
    "model": "djpaddle.price",
    "pk": 4,
    "fields": {
      "created_at": "2021-11-08T23:50:38.724Z",
      "updated_at": "2021-11-08T23:50:38.724Z",
      "plan": 18932,
      "currency": "USD",
      "quantity": 150.0,
      "recurring": true
    }
  },
  {
    "model": "djpaddle.subscription",
    "pk": "169194",
    "fields": {
      "created_at": "2021-11-08T23:01:08.216Z",
      "updated_at": "2021-11-08T23:01:08.216Z",
      "subscriber": 6,
      "cancel_url": "https://sandbox-subscription-management.paddle.com/subscription/169194/hash/15a7bd9fe78a9c6b5ca80ad02542588644ae45ee1f0c3f6d4d33c3bd2a6001c0/cancel",
      "checkout_id": "333888-chre4dda3d055ef-388e24a6c2",
      "currency": "USD",
      "email": "test@gyana.com",
      "event_time": "2021-11-08T23:01:07Z",
      "marketing_consent": false,
      "next_bill_date": "2021-12-08T00:00:00Z",
      "passthrough": "{\"user_id\": 1, \"team_id\": 6}",
      "quantity": 1,
      "source": "localhost:8000",
      "status": "active",
      "plan": 18567,
      "unit_price": 30.0,
      "update_url": "https://sandbox-subscription-management.paddle.com/subscription/169194/hash/15a7bd9fe78a9c6b5ca80ad02542588644ae45ee1f0c3f6d4d33c3bd2a6001c0/update"
    }
  },
  {
    "model": "django_celery_beat.crontabschedule",
    "pk": 1,
    "fields": {
      "minute": "0",
      "hour": "0",
      "day_of_week": "*",
      "day_of_month": "*",
      "month_of_year": "*",
      "timezone": "GMT"
    }
  },
  {
    "model": "django_celery_beat.periodictasks",
    "pk": 1,
    "fields": { "last_update": "2022-03-02T11:01:05.922Z" }
  },
  {
    "model": "django_celery_beat.periodictask",
    "pk": 1,
    "fields": {
      "name": "schedule.project.pk=1",
      "task": "apps.projects.periodic.run_schedule_for_project",
      "interval": null,
      "crontab": 1,
      "solar": null,
      "clocked": null,
      "args": "[1]",
      "kwargs": "{}",
      "queue": null,
      "exchange": null,
      "routing_key": null,
      "headers": "{}",
      "priority": null,
      "expires": null,
      "expire_seconds": null,
      "one_off": false,
      "start_time": null,
      "enabled": true,
      "last_run_at": null,
      "total_run_count": 0,
      "date_changed": "2021-12-03T23:55:23.828Z",
      "description": ""
    }
  },
  {
    "model": "django_celery_results.taskresult",
    "pk": 1,
    "fields": {
      "task_id": "32f7a738-c597-4aae-9429-303873aaad18",
      "task_name": "apps.customapis.tasks.run_customapi_sync_task",
      "task_args": "\"(10,)\"",
      "task_kwargs": "\"{}\"",
      "status": "SUCCESS",
      "worker": "celery@192.168.1.150",
      "content_type": "application/json",
      "content_encoding": "utf-8",
      "result": "15",
      "date_created": "2021-12-16T01:46:46.036Z",
      "date_done": "2021-12-16T01:46:46.036Z",
      "traceback": null,
      "meta": "{\"children\": []}"
    }
  },
  {
    "model": "wagtailimages.image",
    "pk": 1,
    "fields": {
      "collection": 1,
      "title": "david-kell",
      "file": "original_images/david-kell.jpeg",
      "width": 400,
      "height": 400,
      "created_at": "2022-01-18T10:11:38.599Z",
      "uploaded_by_user": ["admin"],
      "focal_point_x": null,
      "focal_point_y": null,
      "focal_point_width": null,
      "focal_point_height": null,
      "file_size": 30074,
      "file_hash": "274f9f7c91a21efe6eb7079bb11b1db412ec2db0"
    }
  },
  {
    "model": "wagtailimages.image",
    "pk": 2,
    "fields": {
      "collection": 1,
      "title": "Gyana 2021",
      "file": "original_images/Gyana_2021.png",
      "width": 3072,
      "height": 1730,
      "created_at": "2022-01-18T10:13:31.869Z",
      "uploaded_by_user": ["admin"],
      "focal_point_x": null,
      "focal_point_y": null,
      "focal_point_width": null,
      "focal_point_height": null,
      "file_size": 202526,
      "file_hash": "17d9aeab1f9d00123f2669e5c4a50f10bb18ec2e"
    }
  },
  {
    "model": "wagtailsearch.indexentry",
    "pk": 1,
    "fields": {
      "content_type": ["wagtailcore", "page"],
      "object_id": "1",
      "title_norm": 1.9,
      "autocomplete": "'root':1",
      "title": "'root':1B",
      "body": ""
    }
  },
  {
    "model": "wagtailsearch.indexentry",
    "pk": 2,
    "fields": {
      "content_type": ["wagtailcore", "page"],
      "object_id": "2",
      "title_norm": 0.475,
      "autocomplete": "'new':4 'site':6 'to':2 'wagtail':5 'welcome':1 'your':3",
      "title": "'new':4B 'site':6B 'wagtail':5B 'welcom':1B",
      "body": ""
    }
  },
  {
    "model": "wagtailsearch.indexentry",
    "pk": 3,
    "fields": {
      "content_type": ["blog", "blogindexpage"],
      "object_id": "3",
      "title_norm": 1.0,
      "autocomplete": "",
      "title": "",
      "body": ""
    }
  },
  {
    "model": "wagtailsearch.indexentry",
    "pk": 6,
    "fields": {
      "content_type": ["wagtailimages", "image"],
      "object_id": "1",
      "title_norm": 0.75,
      "autocomplete": "'david':2 'david-kell':1 'kell':3",
      "title": "'david':2A 'david-kel':1A 'kell':3A",
      "body": ""
    }
  },
  {
    "model": "wagtailsearch.indexentry",
    "pk": 8,
    "fields": {
      "content_type": ["wagtailimages", "image"],
      "object_id": "2",
      "title_norm": 1.1,
      "autocomplete": "'2021':2 'gyana':1",
      "title": "'2021':2A 'gyana':1A",
      "body": ""
    }
  },
  {
    "model": "wagtailsearch.indexentry",
    "pk": 10,
    "fields": {
      "content_type": ["blog", "blogpage"],
      "object_id": "4",
      "title_norm": 1.0,
      "autocomplete": "",
      "title": "",
      "body": "'100k':70 '2.0':40 '2021':30,103,197,334 '2022':332,370 '367':169 '394':171 '78':256 '780':170 'action':429 'although':177 'analysi':385 'analyt':349,472 'api':405 'app':363 'appetit':201 'applic':473 'appreci':275 'awesom':316 'beauti':263 'belong':266 'best':322 'bi':350 'big':487 'blank':222 'blog':500 'break':523 'build':79,203,374,391,420,468 'builder':191,216,283 'built':41,147,250,498 'busi':58 'call':102 'challeng':336 'chanc':9 'chat':99 'code':127,361 'come':519 'commit':292 'communiti':44,208,214 'complet':426,505 'connector':86,403 'content':493 'creat':235 'creativ':312 'custom':49,119,404 'dashboard':90,388,407 'data':56,63,76,120,174,345,383,427,435,471 'data-driven':62 'david':524 'day':477 'definit':109 'develop':462 'discov':50 'driven':64 'educ':492 'email':447 'enabl':430,465 'engin':77 'enterpris':344 'etl':347 'everyon':3 'exceed':239 'expect':241 'export':441 'eye':397 'fantast':43 'featur':418 'final':146,480 'focus':488 'forecast':455 'foundat':377 'fundament':341 'get':141,220,324 'go':483 'goal':423 'goldberg':83 'good':33 'googl':443 'guid':379 'gyana':36,39,176,204,297,394,475,526 'hand':225 'happi':1 'help':12,46,450 'hire':72 'holiday':2 'hundr':400 'iam':352 'impact':159 'import':513 'interfac':128 'introduc':416 'keep':314,395 'know':278,511 'kudo':245 'launch':38 'learn':195,459,490 'less':130 'like':296,440 'll':271,319,414 'lot':25 'm':182 'machin':84,458 'manag':368 'mean':23 'model':348 'month':479 'never':272 'new':51,402,417 'next':330 'no-cod':125,359 'node':257 'note':180 'number':193 'one':194,365 'option':68 'orchestr':351 'person':248,366 'plan':372 'platform':121,295,428,463 'possibl':114 'post':501 'power':116 'pre':497 'pre-built':496 'predict':448 'principl':380 'privileg':306 'proud':152 'prove':108 'put':485 're':6,150,156,482 'read':7 'realli':151,264 'record':255 'result':436,456 'revamp':506 'right':217 'risk':288 'row':172 'rube':82 'rube-goldberg':81 'see':157 'send':446 'sheet':444 'singl':358 'slate':223 'someth':148 'sourc':384 'spend':69 'spreadsheet':88 'stack':346 'subscript':134 'sure':184 'sync':165 'take':290,339 'tate':269 'team':74,527 'templat':499 'thank':20,298 'theme':408 'thing':261,439 'third':111 'thousand':47,98 'today':57 'told':93 'took':136 'top':410 'total':167 'toward':421 'trend':453 'truli':274 'trust':301 'tutori':227,495 'two':67 'understand':286,452 'unleash':310 'us':13,29,94,137,302 'use':433,457 'user':162,188,210 've':145,238 'video':101,494 'walkthrough':502 'want':60 'watch':308 'way':16,52,112,328 'web':362 'websit':509 'whatev':381 'wonder':522 'word':187 'work':54 'workflow':252,386 'wrap':354 'year':18,34,106 'zap':87 'zoom':133"
    }
  },
  {
    "model": "wagtailsearch.indexentry",
    "pk": 13,
    "fields": {
      "content_type": ["learn", "learnpage"],
      "object_id": "5",
      "title_norm": 1.0,
      "autocomplete": "",
      "title": "",
      "body": ""
    }
  },
  {
    "model": "wagtailsearch.indexentry",
    "pk": 20,
    "fields": {
      "content_type": ["learn", "learnpage"],
      "object_id": "6",
      "title_norm": 1.0,
      "autocomplete": "",
      "title": "",
      "body": "'case':7 'complet':2 'end':3,5 'gyana':9 'use':6"
    }
  },
  {
    "model": "wagtailsearch.indexentry",
    "pk": 23,
    "fields": {
      "content_type": ["learn", "learnpage"],
      "object_id": "7",
      "title_norm": 1.0,
      "autocomplete": "",
      "title": "",
      "body": "'guid':4 'gyana':7 'step':1,3 'use':6"
    }
  },
  {
    "model": "wagtailsearch.indexentry",
    "pk": 28,
    "fields": {
      "content_type": ["learn", "learnpage"],
      "object_id": "8",
      "title_norm": 1.0,
      "autocomplete": "",
      "title": "",
      "body": "'150':122 '2000':202 '2021':128 '24':167 '413d09614b2b41d3bd5a7b4514176be7':1 '80':115 'account':21,360 'ad':20,112,359 'add':457 'also':478 'altern':228,339 'alway':402,420 'analyt':32,109 'anywher':53 'api':469 'app':25,358 'armi':344 'around':452 'author':141,213 'autodetect':391,421 'autom':247 'automat':313 'avail':135 'bar':262 'basi':150 'best':132 'box':120 'browser':261 'built':191 'chang':321 'choic':133 'choos':68,160 'connect':251,414 'connector':85,97,98,116,129,180,212,222,283 'copi':274,298 'csv':16,336,349,364,376,383,395,427 'custom':204 'd':500 'daili':173 'data':13,31,34,51,60,82,105,144,158,163,195,232,276,310,347,451,463 'databas':22,356 'dataset':482,491 'dedic':221 'default':308 'demand':203 'demograph':484 'design':379 'difficulti':58 'done':306 'download':369 'drive':407 'duct':444 'e.g':483 'effortless':44 'end':126 'enterpris':193 'even':489 'excel':355 'explor':479 'export':242,362 'facebook':111 'fail':397 'file':17,350,365,396 'final':338 'first':423,439 'fivetran':188 'focus':454 'frequenc':165 'futur':435 'get':81,230,507 'go':91 'googl':18,108,215,223,244,255,281,406,411,486 'grade':194 'great':227 'guid':67 'gyana':84,277,373 'hand':440 'handl':381 'header':392,430 'high':74 'hold':436 'host':480 'hour':168 'import':59,70,291,377,399 'improv':331 'includ':354,385,467 'instead':417 'integr':6,8,50,102,196,459 'interact':207 'interest':502 'jag':388 'jot':271 'knife':345 'know':268,438 'level':75 'like':14,107 'line':424,475 'll':90,153,206 'look':63 'made':101 'make':41,320 'mani':155,234,246,462 'manual':325 'method':71 'move':449 'n8n':252 'nativ':280,375 'need':323 'new':143,309 'newlin':387 'nonsens':384 'nowaday':351 'offer':225,236 'one':94,96,139,238 'one-off':237 'one-tim':138 'open':408 'overview':3 'pabbl':250 'page':214 'paid':490 'pain':442 'partner':493 'partnership':186 'past':275,300 'plan':123,334 'platform':197 'pleas':506 'possibl':46,466 'power':182 'prioriti':39 'process':142 'project':178 'provid':494 'public':481 'quick':270 'quickest':265 'quot':386 're':56,305,327,477 're-sync':326 'readi':233 'regular':149 'row':389,431 'schedul':241 'scraper':472 'seamless':458 'second':289 'segment':485 'set':171,179 'share':293 'sheet':19,86,216,224,245,256,282,295,317,412 'sheet.new':258 'sinc':26 'someth':498 'sourc':11,106,464 'special':100 'specif':104 'support':114 'swiss':343 'swiss-armi':342 'sync':146,164,174,314,328 'tabl':156 'take':61,286 'tape':445 'three':78 'time':140,175 'togeth':447 'tool':235,248,353,446 'top':38 'touch':509 'trend':487 'tri':403,504 'troubleshoot':66 'trust':200 'type':257 'uniqu':185 'upload':88,335,371,404 'url':302 'us':297 've':190 'video':2 'way':79,266 'web':24,357,471 'webhook':468 'without':33 'write':253 'zapier':249"
    }
  },
  {
    "model": "wagtailsearch.indexentry",
    "pk": 31,
    "fields": {
      "content_type": ["learn", "learnpage"],
      "object_id": "9",
      "title_norm": 1.0,
      "autocomplete": "",
      "title": "",
      "body": "'introduct':1 'workflow':3"
    }
  },
  {
    "model": "wagtailsearch.indexentry",
    "pk": 34,
    "fields": {
      "content_type": ["learn", "learnpage"],
      "object_id": "10",
      "title_norm": 1.0,
      "autocomplete": "",
      "title": "",
      "body": "'dashboard':3 'introduct':1"
    }
  },
  {
    "model": "wagtailcore.site",
    "pk": 1,
    "fields": {
      "hostname": "localhost",
      "port": 80,
      "site_name": "",
      "root_page": 2,
      "is_default_site": true
    }
  },
  {
    "model": "wagtailcore.collection",
    "pk": 1,
    "fields": { "path": "0001", "depth": 1, "numchild": 0, "name": "Root" }
  },
  { "model": "wagtailcore.locale", "pk": 1, "fields": { "language_code": "en" } },
  {
    "model": "wagtailcore.page",
    "pk": 1,
    "fields": {
      "path": "0001",
      "depth": 1,
      "numchild": 1,
      "translation_key": "60961f77-be5a-4b6a-a207-2156955d12c9",
      "locale": 1,
      "title": "Root",
      "draft_title": "Root",
      "slug": "root",
      "content_type": ["wagtailcore", "page"],
      "live": true,
      "has_unpublished_changes": false,
      "url_path": "/",
      "owner": null,
      "seo_title": "",
      "show_in_menus": false,
      "search_description": "",
      "go_live_at": null,
      "expire_at": null,
      "expired": false,
      "locked": false,
      "locked_at": null,
      "locked_by": null,
      "first_published_at": null,
      "last_published_at": null,
      "latest_revision_created_at": null,
      "live_revision": null,
      "alias_of": null
    }
  },
  {
    "model": "wagtailcore.page",
    "pk": 2,
    "fields": {
      "path": "00010001",
      "depth": 2,
      "numchild": 4,
      "translation_key": "ab44508e-9dc1-4829-ae13-585f09dce0f9",
      "locale": 1,
      "title": "Welcome to your new Wagtail site!",
      "draft_title": "Welcome to your new Wagtail site!",
      "slug": "home",
      "content_type": ["wagtailcore", "page"],
      "live": true,
      "has_unpublished_changes": false,
      "url_path": "/home/",
      "owner": null,
      "seo_title": "",
      "show_in_menus": false,
      "search_description": "",
      "go_live_at": null,
      "expire_at": null,
      "expired": false,
      "locked": false,
      "locked_at": null,
      "locked_by": null,
      "first_published_at": null,
      "last_published_at": null,
      "latest_revision_created_at": null,
      "live_revision": null,
      "alias_of": null
    }
  },
  {
    "model": "wagtailcore.page",
    "pk": 3,
    "fields": {
      "path": "000100010001",
      "depth": 3,
      "numchild": 2,
      "translation_key": "aaefe705-543f-48d6-abe6-106cb00cd3d0",
      "locale": 1,
      "title": "Blog",
      "draft_title": "Blog",
      "slug": "blog",
      "content_type": ["blog", "blogindexpage"],
      "live": true,
      "has_unpublished_changes": false,
      "url_path": "/home/blog/",
      "owner": ["admin"],
      "seo_title": "",
      "show_in_menus": false,
      "search_description": "",
      "go_live_at": null,
      "expire_at": null,
      "expired": false,
      "locked": false,
      "locked_at": null,
      "locked_by": null,
      "first_published_at": "2022-01-18T10:10:49.993Z",
      "last_published_at": "2022-01-18T10:10:49.993Z",
      "latest_revision_created_at": "2022-01-18T10:10:49.901Z",
      "live_revision": 1,
      "alias_of": null
    }
  },
  {
    "model": "wagtailcore.page",
    "pk": 4,
    "fields": {
      "path": "0001000100010001",
      "depth": 4,
      "numchild": 0,
      "translation_key": "396af017-d226-47af-9f50-6b2d0d5bbe3a",
      "locale": 1,
      "title": "Gyana 2021, Wrapped",
      "draft_title": "Gyana 2021, Wrapped",
      "slug": "gyana-2021-wrapped",
      "content_type": ["blog", "blogpage"],
      "live": true,
      "has_unpublished_changes": false,
      "url_path": "/home/blog/gyana-2021-wrapped/",
      "owner": ["admin"],
      "seo_title": "Gyana 2021, Wrapped",
      "show_in_menus": false,
      "search_description": "Happy holidays everyone. Our review of Gyana in 2021, reflections on no-code data platforms and what comes next. Have a wonderful break!",
      "go_live_at": null,
      "expire_at": null,
      "expired": false,
      "locked": false,
      "locked_at": null,
      "locked_by": null,
      "first_published_at": "2022-01-18T10:13:56.619Z",
      "last_published_at": "2022-01-18T10:13:56.619Z",
      "latest_revision_created_at": "2022-01-18T10:13:56.513Z",
      "live_revision": 2,
      "alias_of": null
    }
  },
  {
    "model": "wagtailcore.page",
    "pk": 5,
    "fields": {
      "path": "000100010002",
      "depth": 3,
      "numchild": 4,
      "translation_key": "a627d847-2c44-499f-b3ea-667a45f14de3",
      "locale": 1,
      "title": "Welcome to Gyana University",
      "draft_title": "Welcome to Gyana University",
      "slug": "learn",
      "content_type": ["learn", "learnpage"],
      "live": true,
      "has_unpublished_changes": false,
      "url_path": "/home/learn/",
      "owner": ["admin"],
      "seo_title": "",
      "show_in_menus": true,
      "search_description": "",
      "go_live_at": null,
      "expire_at": null,
      "expired": false,
      "locked": false,
      "locked_at": null,
      "locked_by": null,
      "first_published_at": "2022-02-01T15:41:11.424Z",
      "last_published_at": "2022-02-01T15:41:31.638Z",
      "latest_revision_created_at": "2022-02-01T15:41:31.549Z",
      "live_revision": 5,
      "alias_of": null
    }
  },
  {
    "model": "wagtailcore.page",
    "pk": 6,
    "fields": {
      "path": "0001000100020001",
      "depth": 4,
      "numchild": 0,
      "translation_key": "df0f0e9f-107a-4ea2-896c-7c5971dc9796",
      "locale": 1,
      "title": "Getting started",
      "draft_title": "Getting started",
      "slug": "getting-started",
      "content_type": ["learn", "learnpage"],
      "live": true,
      "has_unpublished_changes": false,
      "url_path": "/home/learn/getting-started/",
      "owner": ["admin"],
      "seo_title": "",
      "show_in_menus": true,
      "search_description": "",
      "go_live_at": null,
      "expire_at": null,
      "expired": false,
      "locked": false,
      "locked_at": null,
      "locked_by": null,
      "first_published_at": "2022-02-01T15:41:52.006Z",
      "last_published_at": "2022-02-01T20:33:23.701Z",
      "latest_revision_created_at": "2022-02-01T20:33:23.535Z",
      "live_revision": 27,
      "alias_of": null
    }
  },
  {
    "model": "wagtailcore.page",
    "pk": 7,
    "fields": {
      "path": "0001000100020002",
      "depth": 4,
      "numchild": 6,
      "translation_key": "7a8f574e-c61a-4461-9456-5de5baa45ba7",
      "locale": 1,
      "title": "Guides",
      "draft_title": "Guides",
      "slug": "guides",
      "content_type": ["learn", "learnpage"],
      "live": true,
      "has_unpublished_changes": false,
      "url_path": "/home/learn/guides/",
      "owner": ["admin"],
      "seo_title": "",
      "show_in_menus": true,
      "search_description": "",
      "go_live_at": null,
      "expire_at": null,
      "expired": false,
      "locked": false,
      "locked_at": null,
      "locked_by": null,
      "first_published_at": "2022-02-01T15:42:44.068Z",
      "last_published_at": "2022-02-01T20:32:53.870Z",
      "latest_revision_created_at": "2022-02-01T20:32:53.630Z",
      "live_revision": 26,
      "alias_of": null
    }
  },
  {
    "model": "wagtailcore.page",
    "pk": 8,
    "fields": {
      "path": "00010001000200020001",
      "depth": 5,
      "numchild": 0,
      "translation_key": "52c83335-a1f6-47a3-ab68-ac8df7cb0807",
      "locale": 1,
      "title": "Integrations",
      "draft_title": "Integrations",
      "slug": "integrations",
      "content_type": ["learn", "learnpage"],
      "live": true,
      "has_unpublished_changes": false,
      "url_path": "/home/learn/guides/integrations/",
      "owner": ["admin"],
      "seo_title": "",
      "show_in_menus": true,
      "search_description": "",
      "go_live_at": null,
      "expire_at": null,
      "expired": false,
      "locked": false,
      "locked_at": null,
      "locked_by": null,
      "first_published_at": "2022-02-01T15:43:08.578Z",
      "last_published_at": "2022-02-01T23:01:58.023Z",
      "latest_revision_created_at": "2022-02-01T23:01:57.866Z",
      "live_revision": 48,
      "alias_of": null
    }
  },
  {
    "model": "wagtailcore.page",
    "pk": 9,
    "fields": {
      "path": "00010001000200020002",
      "depth": 5,
      "numchild": 0,
      "translation_key": "4b36cc59-b60e-414c-8a08-ed08d5b0d62c",
      "locale": 1,
      "title": "Workflows",
      "draft_title": "Workflows",
      "slug": "workflows",
      "content_type": ["learn", "learnpage"],
      "live": true,
      "has_unpublished_changes": false,
      "url_path": "/home/learn/guides/workflows/",
      "owner": ["admin"],
      "seo_title": "",
      "show_in_menus": true,
      "search_description": "",
      "go_live_at": null,
      "expire_at": null,
      "expired": false,
      "locked": false,
      "locked_at": null,
      "locked_by": null,
      "first_published_at": "2022-02-01T15:43:20.143Z",
      "last_published_at": "2022-02-01T20:35:03.793Z",
      "latest_revision_created_at": "2022-02-01T20:35:03.637Z",
      "live_revision": 29,
      "alias_of": null
    }
  },
  {
    "model": "wagtailcore.page",
    "pk": 10,
    "fields": {
      "path": "00010001000200020003",
      "depth": 5,
      "numchild": 0,
      "translation_key": "15243b6c-fc22-49c4-b3e2-6111c329df8e",
      "locale": 1,
      "title": "Dashboards",
      "draft_title": "Dashboards",
      "slug": "dashboards",
      "content_type": ["learn", "learnpage"],
      "live": true,
      "has_unpublished_changes": false,
      "url_path": "/home/learn/guides/dashboards/",
      "owner": ["admin"],
      "seo_title": "",
      "show_in_menus": true,
      "search_description": "",
      "go_live_at": null,
      "expire_at": null,
      "expired": false,
      "locked": false,
      "locked_at": null,
      "locked_by": null,
      "first_published_at": "2022-02-01T15:43:34.391Z",
      "last_published_at": "2022-02-01T20:35:17.203Z",
      "latest_revision_created_at": "2022-02-01T20:35:17.050Z",
      "live_revision": 30,
      "alias_of": null
    }
  },
  {
    "model": "wagtailcore.pagerevision",
    "pk": 1,
    "fields": {
      "page": 3,
      "submitted_for_moderation": false,
      "created_at": "2022-01-18T10:10:49.901Z",
      "user": ["admin"],
      "content_json": "{\"pk\": 3, \"path\": \"000100010001\", \"depth\": 3, \"numchild\": 0, \"translation_key\": \"aaefe705-543f-48d6-abe6-106cb00cd3d0\", \"locale\": 1, \"title\": \"Blog\", \"draft_title\": \"Blog\", \"slug\": \"blog\", \"content_type\": 66, \"live\": true, \"has_unpublished_changes\": false, \"url_path\": \"/home/blog/\", \"owner\": 2, \"seo_title\": \"\", \"show_in_menus\": false, \"search_description\": \"\", \"go_live_at\": null, \"expire_at\": null, \"expired\": false, \"locked\": false, \"locked_at\": null, \"locked_by\": null, \"first_published_at\": null, \"last_published_at\": null, \"latest_revision_created_at\": null, \"live_revision\": null, \"alias_of\": null, \"intro\": \"<p data-block-key=\\\"4e4yt\\\">Learn about tips, product updates and company culture.</p>\", \"wagtail_admin_comments\": []}",
      "approved_go_live_at": null
    }
  },
  {
    "model": "wagtailcore.pagerevision",
    "pk": 2,
    "fields": {
      "page": 4,
      "submitted_for_moderation": false,
      "created_at": "2022-01-18T10:13:56.513Z",
      "user": ["admin"],
      "content_json": "{\"pk\": 4, \"path\": \"0001000100010001\", \"depth\": 4, \"numchild\": 0, \"translation_key\": \"396af017-d226-47af-9f50-6b2d0d5bbe3a\", \"locale\": 1, \"title\": \"Gyana 2021, Wrapped\", \"draft_title\": \"Gyana 2021, Wrapped\", \"slug\": \"gyana-2021-wrapped\", \"content_type\": 67, \"live\": true, \"has_unpublished_changes\": false, \"url_path\": \"/home/blog/gyana-2021-wrapped/\", \"owner\": 2, \"seo_title\": \"Gyana 2021, Wrapped\", \"show_in_menus\": false, \"search_description\": \"Happy holidays everyone. Our review of Gyana in 2021, reflections on no-code data platforms and what comes next. Have a wonderful break!\", \"go_live_at\": null, \"expire_at\": null, \"expired\": false, \"locked\": false, \"locked_at\": null, \"locked_by\": null, \"first_published_at\": null, \"last_published_at\": null, \"latest_revision_created_at\": null, \"live_revision\": null, \"alias_of\": null, \"date\": \"2021-12-23\", \"intro\": \"Happy holidays everyone. Our review of Gyana in 2021, reflections on no-code data platforms and what comes next. Have a wonderful break!\", \"body\": \"<p data-block-key=\\\"qp20u\\\">Happy holidays everyone.</p><p data-block-key=\\\"3lgul\\\">If you\\u2019re reading this, chances are you helped us in some way this year. So \\u2026 thank you. It means a lot, to all of us.</p><p data-block-key=\\\"6s335\\\"><b>2021 was a good year for Gyana.</b> We launched <a href=\\\"https://www.gyana.com/blog/the-next-chapter-of-gyana\\\"><b>Gyana 2.0</b></a>, built our fantastic <a href=\\\"https://www.facebook.com/groups/891928461364849\\\"><b>community</b></a> and helped thousands of customers discover new ways to <a href=\\\"https://www.gyana.com/blog/learnings-from-one-week-with-gyana\\\"><b>work with data</b></a>.</p><p data-block-key=\\\"7ut64\\\">Today, businesses who want be data-driven have only two options: spend $100k and hire a team of data engineers, or build a <a href=\\\"https://en.wikipedia.org/wiki/Rube_Goldberg_machine\\\"><b>Rube-Goldberg machine</b></a> of connectors, zaps, spreadsheets and dashboards. As you told us, in over a thousand chats and video calls.</p><p data-block-key=\\\"6cqls\\\">2021 is the year we proved, definitely, a third way is possible - the power of a custom data platform but with a no-code interface, for less than your Zoom subscription.</p><p data-block-key=\\\"cn533\\\">It took us a while to get here, but we\\u2019ve finally built something we\\u2019re really proud of. And we\\u2019re seeing the impact with our users, who have synced a total of <b>367,780,394 rows of data</b> into Gyana.</p><p data-block-key=\\\"8bf96\\\">Although on that note, I\\u2019m not sure about that word \\u201cusers\\u201d\\u2026</p><h3 data-block-key=\\\"6pl6e\\\"><b>For the builders...</b></h3><p data-block-key=\\\"aii78\\\">My number one learning in 2021 is about the appetite to build.</p><p data-block-key=\\\"3ntg9\\\">Gyana is not a community of \\u201cusers\\u201d, it\\u2019s a community of \\u201cbuilders\\u201d. Right now, you get a blank slate, a handful of tutorials, and it\\u2019s up to you to create. And you\\u2019ve exceeded our expectations, and then some.</p><p data-block-key=\\\"4vv4r\\\">Kudos to the person who built a workflow with a record <b>78 nodes</b>. It\\u2019s a thing of beauty. Really, it belongs in the Tate. You\\u2019ll never be truly appreciated, but we know what you did.</p><p data-block-key=\\\"drsgh\\\">As builders ourselves, we understand the risk you take when committing to a platform like Gyana. Thank you for trusting us. <b>It\\u2019s a privilege to watch you unleash your creativity.</b> You keep being awesome, and we\\u2019ll do our best to get out of your way.</p><h3 data-block-key=\\\"pknt\\\"><b>What next for 2022?</b></h3><p data-block-key=\\\"2gs33\\\">For 2021, we challenged ourselves to take the fundamentals of an enterprise data stack (ETL, modelling, analytics , BI, orchestration, IAM, \\u2026) and wrap it into a <b>single no-code web app that one person can manage</b>.</p><p data-block-key=\\\"2osjs\\\">In 2022, we plan to build on that foundation. Our guiding principle: whatever the data source, analysis workflow, or dashboard - <b>you can build it in Gyana</b>. Keep an eye out for hundreds of new connectors, custom APIs and dashboards themes.</p><p data-block-key=\\\"ddptv\\\">On top of that, we\\u2019ll be introducing new features to build towards our goal of the complete data platform. <b>Actions</b> enable you to use your data results to do things - like export a Google Sheet or send emails. <b>Predictions</b> will help you understand trends and forecast results using machine learning. And our <b>developer platform</b> will enable you to build your own data analytics application on Gyana - in days, not months.</p><p data-block-key=\\\"60lr9\\\">Finally, we\\u2019re going to put a <i>big</i> focus on learning and educational content. Video tutorials, pre-built templates, blog posts, walkthroughs, and a complete revamp of the website \\u2026 <b>we know how important it is and it\\u2019s coming</b>.</p><p data-block-key=\\\"1etb1\\\">Have a wonderful break!</p><p data-block-key=\\\"7raus\\\">\\u2764\\ufe0f David + the Gyana team</p>\", \"feed_image\": 2, \"category\": 1, \"author\": 1, \"wagtail_admin_comments\": []}",
      "approved_go_live_at": null
    }
  },
  {
    "model": "wagtailcore.pagerevision",
    "pk": 5,
    "fields": {
      "page": 5,
      "submitted_for_moderation": false,
      "created_at": "2022-02-01T15:41:31.549Z",
      "user": ["admin"],
      "content_json": "{\"pk\": 5, \"path\": \"000100010002\", \"depth\": 3, \"numchild\": 0, \"translation_key\": \"a627d847-2c44-499f-b3ea-667a45f14de3\", \"locale\": 1, \"title\": \"Welcome to Gyana University\", \"draft_title\": \"Welcome to Gyana University\", \"slug\": \"learn\", \"content_type\": 130, \"live\": true, \"has_unpublished_changes\": false, \"url_path\": \"/home/welcome-to-gyana-university/\", \"owner\": 2, \"seo_title\": \"\", \"show_in_menus\": true, \"search_description\": \"\", \"go_live_at\": null, \"expire_at\": null, \"expired\": false, \"locked\": false, \"locked_at\": null, \"locked_by\": null, \"first_published_at\": \"2022-02-01T15:41:11.424Z\", \"last_published_at\": \"2022-02-01T15:41:22.137Z\", \"latest_revision_created_at\": \"2022-02-01T15:41:22.052Z\", \"live_revision\": 4, \"alias_of\": null, \"body\": \"<p data-block-key=\\\"ul81e\\\">We&#x27;ve put together courses, videos and deep dives to teach you how Gyana works.</p>\", \"wagtail_admin_comments\": []}",
      "approved_go_live_at": null
    }
  },
  {
    "model": "wagtailcore.pagerevision",
    "pk": 26,
    "fields": {
      "page": 7,
      "submitted_for_moderation": false,
      "created_at": "2022-02-01T20:32:53.630Z",
      "user": ["admin"],
      "content_json": "{\"pk\": 7, \"path\": \"0001000100020002\", \"depth\": 4, \"numchild\": 6, \"translation_key\": \"7a8f574e-c61a-4461-9456-5de5baa45ba7\", \"locale\": 1, \"title\": \"Guides\", \"draft_title\": \"Guides\", \"slug\": \"guides\", \"content_type\": 130, \"live\": true, \"has_unpublished_changes\": false, \"url_path\": \"/home/learn/guides/\", \"owner\": 2, \"seo_title\": \"\", \"show_in_menus\": true, \"search_description\": \"\", \"go_live_at\": null, \"expire_at\": null, \"expired\": false, \"locked\": false, \"locked_at\": null, \"locked_by\": null, \"first_published_at\": \"2022-02-01T15:42:44.068Z\", \"last_published_at\": \"2022-02-01T17:38:50.184Z\", \"latest_revision_created_at\": \"2022-02-01T17:38:50.040Z\", \"live_revision\": 25, \"alias_of\": null, \"body\": \"[{\\\"type\\\": \\\"paragraph\\\", \\\"value\\\": \\\"<p data-block-key=\\\\\\\"wfn4d\\\\\\\">Step by step guide to using Gyana...</p>\\\", \\\"id\\\": \\\"6ec9175a-0996-4c5f-a96a-b7b34cb837a0\\\"}]\", \"wagtail_admin_comments\": []}",
      "approved_go_live_at": null
    }
  },
  {
    "model": "wagtailcore.pagerevision",
    "pk": 27,
    "fields": {
      "page": 6,
      "submitted_for_moderation": false,
      "created_at": "2022-02-01T20:33:23.535Z",
      "user": ["admin"],
      "content_json": "{\"pk\": 6, \"path\": \"0001000100020001\", \"depth\": 4, \"numchild\": 0, \"translation_key\": \"df0f0e9f-107a-4ea2-896c-7c5971dc9796\", \"locale\": 1, \"title\": \"Getting started\", \"draft_title\": \"Getting started\", \"slug\": \"getting-started\", \"content_type\": 130, \"live\": true, \"has_unpublished_changes\": false, \"url_path\": \"/home/learn/getting-started/\", \"owner\": 2, \"seo_title\": \"\", \"show_in_menus\": true, \"search_description\": \"\", \"go_live_at\": null, \"expire_at\": null, \"expired\": false, \"locked\": false, \"locked_at\": null, \"locked_by\": null, \"first_published_at\": \"2022-02-01T15:41:52.006Z\", \"last_published_at\": \"2022-02-01T15:41:52.006Z\", \"latest_revision_created_at\": \"2022-02-01T15:41:51.957Z\", \"live_revision\": 6, \"alias_of\": null, \"body\": \"[{\\\"type\\\": \\\"paragraph\\\", \\\"value\\\": \\\"<p data-block-key=\\\\\\\"tepqz\\\\\\\">A complete end to end use case in Gyana...</p>\\\", \\\"id\\\": \\\"7e066a5d-25de-42b0-b8e7-4404faa89883\\\"}]\", \"wagtail_admin_comments\": []}",
      "approved_go_live_at": null
    }
  },
  {
    "model": "wagtailcore.pagerevision",
    "pk": 29,
    "fields": {
      "page": 9,
      "submitted_for_moderation": false,
      "created_at": "2022-02-01T20:35:03.637Z",
      "user": ["admin"],
      "content_json": "{\"pk\": 9, \"path\": \"00010001000200020002\", \"depth\": 5, \"numchild\": 0, \"translation_key\": \"4b36cc59-b60e-414c-8a08-ed08d5b0d62c\", \"locale\": 1, \"title\": \"Workflows\", \"draft_title\": \"Workflows\", \"slug\": \"workflows\", \"content_type\": 130, \"live\": true, \"has_unpublished_changes\": false, \"url_path\": \"/home/learn/guides/workflows/\", \"owner\": 2, \"seo_title\": \"\", \"show_in_menus\": true, \"search_description\": \"\", \"go_live_at\": null, \"expire_at\": null, \"expired\": false, \"locked\": false, \"locked_at\": null, \"locked_by\": null, \"first_published_at\": \"2022-02-01T15:43:20.143Z\", \"last_published_at\": \"2022-02-01T15:43:45.557Z\", \"latest_revision_created_at\": \"2022-02-01T15:43:45.431Z\", \"live_revision\": 12, \"alias_of\": null, \"body\": \"[{\\\"type\\\": \\\"paragraph\\\", \\\"value\\\": \\\"<p data-block-key=\\\\\\\"1br5u\\\\\\\">Introduction to workflows...</p>\\\", \\\"id\\\": \\\"bcb7d8f1-0f3c-45a9-bcf6-3aa463c82011\\\"}]\", \"wagtail_admin_comments\": []}",
      "approved_go_live_at": null
    }
  },
  {
    "model": "wagtailcore.pagerevision",
    "pk": 30,
    "fields": {
      "page": 10,
      "submitted_for_moderation": false,
      "created_at": "2022-02-01T20:35:17.050Z",
      "user": ["admin"],
      "content_json": "{\"pk\": 10, \"path\": \"00010001000200020003\", \"depth\": 5, \"numchild\": 0, \"translation_key\": \"15243b6c-fc22-49c4-b3e2-6111c329df8e\", \"locale\": 1, \"title\": \"Dashboards\", \"draft_title\": \"Dashboards\", \"slug\": \"dashboards\", \"content_type\": 130, \"live\": true, \"has_unpublished_changes\": false, \"url_path\": \"/home/learn/guides/dashboards/\", \"owner\": 2, \"seo_title\": \"\", \"show_in_menus\": true, \"search_description\": \"\", \"go_live_at\": null, \"expire_at\": null, \"expired\": false, \"locked\": false, \"locked_at\": null, \"locked_by\": null, \"first_published_at\": \"2022-02-01T15:43:34.391Z\", \"last_published_at\": \"2022-02-01T15:43:34.391Z\", \"latest_revision_created_at\": \"2022-02-01T15:43:34.321Z\", \"live_revision\": 11, \"alias_of\": null, \"body\": \"[{\\\"type\\\": \\\"paragraph\\\", \\\"value\\\": \\\"<p data-block-key=\\\\\\\"u6bu5\\\\\\\">Introduction to dashboards...</p>\\\", \\\"id\\\": \\\"fbe7d8d7-70ea-4410-8cd7-bed6fae74f60\\\"}]\", \"wagtail_admin_comments\": []}",
      "approved_go_live_at": null
    }
  },
  {
    "model": "wagtailcore.pagerevision",
    "pk": 48,
    "fields": {
      "page": 8,
      "submitted_for_moderation": false,
      "created_at": "2022-02-01T23:01:57.866Z",
      "user": ["admin"],
      "content_json": "{\"pk\": 8, \"path\": \"00010001000200020001\", \"depth\": 5, \"numchild\": 0, \"translation_key\": \"52c83335-a1f6-47a3-ab68-ac8df7cb0807\", \"locale\": 1, \"title\": \"Integrations\", \"draft_title\": \"Integrations\", \"slug\": \"integrations\", \"content_type\": 130, \"live\": true, \"has_unpublished_changes\": false, \"url_path\": \"/home/learn/guides/integrations/\", \"owner\": 2, \"seo_title\": \"\", \"show_in_menus\": true, \"search_description\": \"\", \"go_live_at\": null, \"expire_at\": null, \"expired\": false, \"locked\": false, \"locked_at\": null, \"locked_by\": null, \"first_published_at\": \"2022-02-01T15:43:08.578Z\", \"last_published_at\": \"2022-02-01T22:54:06.999Z\", \"latest_revision_created_at\": \"2022-02-01T22:54:06.800Z\", \"live_revision\": 47, \"alias_of\": null, \"body\": \"[{\\\"type\\\": \\\"loom\\\", \\\"value\\\": {\\\"loom_id\\\": \\\"413d09614b2b41d3bd5a7b4514176be7\\\", \\\"caption\\\": \\\"Video overview of our integrations\\\"}, \\\"id\\\": \\\"ee1da91f-b9a2-498c-8058-5e146eacbb17\\\"}, {\\\"type\\\": \\\"text\\\", \\\"value\\\": \\\"<p data-block-key=\\\\\\\"m0246\\\\\\\">An integration is a source of data, like a CSV file, Google Sheet, ads account, database, or web app.</p><p data-block-key=\\\\\\\"9srm3\\\\\\\">Since you can&#x27;t do data analytics without data (!), it&#x27;s our top priority to make it as effortless as possible for you to integrate data from anywhere.</p><p data-block-key=\\\\\\\"10cqi\\\\\\\">\\\\ud83d\\\\udca1 If you&#x27;re having difficulties importing data, take a look at our <a href=\\\\\\\"https://intercom.help/gyana/en/articles/5548601-my-integration-isn-t-working\\\\\\\">troubleshooting guide</a>.</p><h2 data-block-key=\\\\\\\"2bojv\\\\\\\">\\\\ud83d\\\\ude9b Choosing your import method</h2><p data-block-key=\\\\\\\"94e4n\\\\\\\">At a high level, you have three ways to get data into Gyana: <b>connectors</b>, <b>sheets</b> and <b>uploads</b>. We&#x27;ll go through them one by one.</p><h3 data-block-key=\\\\\\\"8rpis\\\\\\\">Connectors</h3><p data-block-key=\\\\\\\"co0jt\\\\\\\">Connectors are specially made integrations for specific data sources, like Google Analytics or Facebook Ads. We support 80+ connectors out of the box, with 150+ planned for the end of 2021.</p><p data-block-key=\\\\\\\"30rcs\\\\\\\">Connectors are the best choice, if available. After a one-time authorization process, new data is synced on a regular basis, and you&#x27;ll have many tables of data to choose from.</p><p data-block-key=\\\\\\\"35ngn\\\\\\\">\\\\ud83d\\\\udca1 The data sync frequency is <b>24 hours</b>. You can set the daily sync time in your project settings.</p><p data-block-key=\\\\\\\"8el4n\\\\\\\">Connectors are powered by our unique partnership with Fivetran. They&#x27;ve built an enterprise grade data integration platform that is trusted by 2000+ <a href=\\\\\\\"https://fivetran.com/customers\\\\\\\">demanding customers</a>. You&#x27;ll interact with them in the connector authorization page.</p><h3 data-block-key=\\\\\\\"5vsm1\\\\\\\">Google Sheets</h3><p data-block-key=\\\\\\\"b1r02\\\\\\\">If there&#x27;s no dedicated connector, Google Sheets offers a great alternative for getting your data ready:</p><ul><li data-block-key=\\\\\\\"8fo5u\\\\\\\">Many tools offer one-off or scheduled exports to Google Sheets</li><li data-block-key=\\\\\\\"cvm7b\\\\\\\">Many automation tools (Zapier, Pabbly Connect, n8n) write to Google Sheets</li><li data-block-key=\\\\\\\"96o79\\\\\\\">Typing sheet.new in your browser bar is the quickest way we know to quickly jot down or copy + paste data</li></ul><p data-block-key=\\\\\\\"5bqba\\\\\\\">Gyana has a native Google Sheets connector that will take a <b>few seconds</b> to import. Just share the sheet with us, copy and paste the URL, and you&#x27;re done.</p><p data-block-key=\\\\\\\"e8ste\\\\\\\">\\\\ud83d\\\\udca1 By default, new data will not automatically sync from your sheet if you make changes. You need to manually re-sync. We have improvements to this planned.</p><h3 data-block-key=\\\\\\\"2knm9\\\\\\\">Upload CSV</h3><p data-block-key=\\\\\\\"3apkp\\\\\\\">Your final alternative is the swiss-army knife of data, the CSV file. Nowadays, most tools (including Excel, databases, web apps, ads accounts) will export a CSV file that you can download and upload to Gyana.</p><p data-block-key=\\\\\\\"26rqk\\\\\\\">Our native CSV importer is designed to handle most CSV nonsense, including quoted newlines, jagged rows and autodetecting headers. If your CSV file fails to import, you can always try uploading to Google Drive, opening as a Google Sheet, and connect to that instead.</p><p data-block-key=\\\\\\\"ha2u\\\\\\\">\\\\ud83d\\\\udca1 We will always autodetect the first line of the CSV as a header row.</p><h2 data-block-key=\\\\\\\"5hqde\\\\\\\">\\\\ud83d\\\\udd2e What does the future hold?</h2><p data-block-key=\\\\\\\"8uojv\\\\\\\">We know first hand the pain of duct taping tools together to move your data around. Our focus is to add seamless integration to as many data sources as possible, including webhooks, APIs and web scrapers.</p><p data-block-key=\\\\\\\"bgk6c\\\\\\\">Down the line, we&#x27;re also exploring hosting public datasets (e.g. demographic segmentations, Google trends), and even paid datasets from partner providers. If that&#x27;s something you&#x27;d be interested in trying out, please get in touch!</p>\\\", \\\"id\\\": \\\"52b1f5e1-d73a-4985-832c-605caf7a28e5\\\"}]\", \"wagtail_admin_comments\": []}",
      "approved_go_live_at": null
    }
  },
  { "model": "wagtailcore.workflowpage", "pk": 1, "fields": { "workflow": 1 } },
  {
    "model": "wagtailcore.workflowtask",
    "pk": 1,
    "fields": { "sort_order": 0, "workflow": 1, "task": 1 }
  },
  {
    "model": "wagtailcore.task",
    "pk": 1,
    "fields": {
      "name": "Moderators approval",
      "content_type": ["wagtailcore", "groupapprovaltask"],
      "active": true
    }
  },
  {
    "model": "wagtailcore.workflow",
    "pk": 1,
    "fields": { "name": "Moderators approval", "active": true }
  },
  { "model": "wagtailcore.groupapprovaltask", "pk": 1, "fields": { "groups": [["Moderators"]] } },
  {
    "model": "wagtailcore.pagesubscription",
    "pk": 1,
    "fields": { "user": ["admin"], "page": 3, "comment_notifications": true }
  },
  {
    "model": "wagtailcore.pagesubscription",
    "pk": 2,
    "fields": { "user": ["admin"], "page": 4, "comment_notifications": true }
  },
  {
    "model": "wagtailcore.pagesubscription",
    "pk": 3,
    "fields": { "user": ["admin"], "page": 5, "comment_notifications": true }
  },
  {
    "model": "wagtailcore.pagesubscription",
    "pk": 4,
    "fields": { "user": ["admin"], "page": 6, "comment_notifications": true }
  },
  {
    "model": "wagtailcore.pagesubscription",
    "pk": 5,
    "fields": { "user": ["admin"], "page": 7, "comment_notifications": true }
  },
  {
    "model": "wagtailcore.pagesubscription",
    "pk": 6,
    "fields": { "user": ["admin"], "page": 8, "comment_notifications": true }
  },
  {
    "model": "wagtailcore.pagesubscription",
    "pk": 7,
    "fields": { "user": ["admin"], "page": 9, "comment_notifications": true }
  },
  {
    "model": "wagtailcore.pagesubscription",
    "pk": 8,
    "fields": { "user": ["admin"], "page": 10, "comment_notifications": true }
  }
]
