[
  {
    "model": "sites.site",
    "pk": 1,
    "fields": { "domain": "localhost:8000", "name": "localhost:8000" }
  },
  {
    "model": "users.customuser",
    "pk": 1,
    "fields": {
      "password": "pbkdf2_sha256$260000$KjelrmNP13xJ9V5H9LukHM$it0FFNUenhfj8L+k8ezAij2xqs9GEQ1OQLmOKkVvyqM=",
      "last_login": "2021-12-13T22:48:22.456Z",
      "is_superuser": false,
      "username": "test",
      "first_name": "",
      "last_name": "",
      "email": "test@gyana.com",
      "is_staff": false,
      "is_active": true,
      "date_joined": "2021-07-26T14:53:33.713Z",
      "avatar": "",
      "onboarded": true,
      "company_industry": null,
      "company_role": null,
      "company_size": null,
      "marketing_allowed": false,
      "groups": [],
      "user_permissions": []
    }
  },
  {
    "model": "users.customuser",
    "pk": 2,
    "fields": {
      "password": "pbkdf2_sha256$260000$N2BmQRuSSYGvpQnPKCw9fj$UhUCkfx7qdzWPNYP/XUbi3L4hvP5/7f+N4nmrqTPceM=",
      "last_login": "2021-11-08T23:57:20.145Z",
      "is_superuser": true,
      "username": "admin",
      "first_name": "",
      "last_name": "",
      "email": "admin@gyana.com",
      "is_staff": true,
      "is_active": true,
      "date_joined": "2021-07-27T12:09:25.731Z",
      "avatar": "",
      "onboarded": true,
      "company_industry": null,
      "company_role": null,
      "company_size": null,
      "marketing_allowed": false,
      "groups": [],
      "user_permissions": []
    }
  },
  {
    "model": "users.customuser",
    "pk": 3,
    "fields": {
      "password": "pbkdf2_sha256$260000$GxH7SNPn0rTyr5oBBwd2th$LoeRmOzRhgkQ2t9Y+SBV6YO6sYFb/b5+vsfZ/KkOuyY=",
      "last_login": "2021-07-27T14:46:12.276Z",
      "is_superuser": false,
      "username": "alone",
      "first_name": "",
      "last_name": "",
      "email": "alone@gyana.com",
      "is_staff": false,
      "is_active": true,
      "date_joined": "2021-07-27T14:46:12.143Z",
      "avatar": "",
      "onboarded": true,
      "company_industry": null,
      "company_role": null,
      "company_size": null,
      "marketing_allowed": false,
      "groups": [],
      "user_permissions": []
    }
  },
  {
    "model": "users.approvedwaitlistemail",
    "pk": 1,
    "fields": {
      "created": "2021-11-14T00:00:00Z",
      "updated": "2021-11-14T00:00:00Z",
      "email": "waitlist@gyana.com"
    }
  },
  {
    "model": "teams.team",
    "pk": 1,
    "fields": {
      "created": "2021-07-26T14:53:37.577Z",
      "updated": "2021-07-26T14:53:37.587Z",
      "deleted": null,
      "icon": "",
      "name": "Vayu",
      "override_row_limit": null,
      "row_count": 0,
      "row_count_calculated": null,
      "last_checkout": null,
      "timezone": "GMT"
    }
  },
  {
    "model": "teams.team",
    "pk": 2,
    "fields": {
      "created": "2021-07-26T14:53:37.577Z",
      "updated": "2021-07-26T14:53:37.587Z",
      "deleted": null,
      "icon": "",
      "name": "Alone",
      "override_row_limit": null,
      "row_count": 15,
      "row_count_calculated": null,
      "last_checkout": null,
      "timezone": "GMT"
    }
  },
  {
    "model": "teams.team",
    "pk": 5,
    "fields": {
      "created": "2021-08-30T18:56:05.348Z",
      "updated": "2021-08-31T00:58:25.986Z",
      "deleted": null,
      "icon": "",
      "name": "Admin Templates",
      "override_row_limit": null,
      "row_count": 12943,
      "row_count_calculated": "2021-08-31T00:58:25.986Z",
      "last_checkout": null,
      "timezone": "GMT"
    }
  },
  {
    "model": "teams.team",
    "pk": 6,
    "fields": {
      "created": "2021-11-08T23:50:26.037Z",
      "updated": "2021-11-08T23:50:26.037Z",
      "deleted": null,
      "icon": "",
      "name": "Billing",
      "override_row_limit": null,
      "row_count": 0,
      "row_count_calculated": null,
      "last_checkout": null,
      "timezone": "GMT"
    }
  },
  {
    "model": "teams.membership",
    "pk": 1,
    "fields": {
      "created": "2021-07-26T14:53:37.584Z",
      "updated": "2021-07-26T14:53:37.584Z",
      "team": 1,
      "user": 1,
      "role": "admin"
    }
  },
  {
    "model": "teams.membership",
    "pk": 2,
    "fields": {
      "created": "2021-08-30T18:56:05.352Z",
      "updated": "2021-08-30T18:56:05.352Z",
      "team": 5,
      "user": 2,
      "role": "admin"
    }
  },
  {
    "model": "teams.membership",
    "pk": 3,
    "fields": {
      "created": "2021-08-20T13:49:01.950Z",
      "updated": "2021-08-20T13:49:01.950Z",
      "team": 2,
      "user": 3,
      "role": "admin"
    }
  },
  {
    "model": "teams.membership",
    "pk": 4,
    "fields": {
      "created": "2021-11-08T23:50:26.735Z",
      "updated": "2021-11-08T23:50:26.735Z",
      "team": 6,
      "user": 1,
      "role": "admin"
    }
  },
  {
    "model": "projects.project",
    "pk": 1,
    "fields": {
      "created": "2021-07-27T13:14:54.847Z",
      "updated": "2021-12-03T23:55:23.830Z",
      "name": "Cypress test project",
      "team": 1,
      "ready": true,
      "access": "everyone",
      "description": "",
      "cname": null,
      "daily_schedule_time": "00:00:00",
      "periodic_task": 1
    }
  },
  {
    "model": "projects.project",
    "pk": 2,
    "fields": {
      "created": "2021-08-10T07:28:33.668Z",
      "updated": "2021-08-10T07:28:33.669Z",
      "name": "Nodes",
      "team": 1,
      "ready": true,
      "access": "everyone",
      "description": "",
      "cname": null,
      "daily_schedule_time": "00:00:00",
      "periodic_task": null
    }
  },
  {
    "model": "projects.project",
    "pk": 6,
    "fields": {
      "created": "2021-08-30T18:56:35.835Z",
      "updated": "2021-08-30T18:56:35.835Z",
      "name": "Google Analytics",
      "team": 5,
      "ready": true,
      "access": "everyone",
      "description": "Two widgets for Google Analytics in a Cypress test.",
      "cname": null,
      "daily_schedule_time": "00:00:00",
      "periodic_task": null
    }
  },
  {
    "model": "integrations.integration",
    "pk": 1,
    "fields": {
      "created": "2021-07-27T13:17:27.984Z",
      "updated": "2021-07-27T13:17:27.987Z",
      "project": 1,
      "kind": "upload",
      "name": "store_info",
      "state": "done",
      "ready": true,
      "created_ready": "2021-07-27T13:17:27.984Z",
      "created_by": 1
    }
  },
  {
    "model": "integrations.integration",
    "pk": 2,
    "fields": {
      "created": "2021-08-08T20:28:27.809Z",
      "updated": "2021-08-08T20:28:27.809Z",
      "project": 1,
      "kind": "sheet",
      "name": "Store info sheet",
      "state": "done",
      "ready": true,
      "created_ready": "2021-08-08T20:28:27.809Z",
      "created_by": null
    }
  },
  {
    "model": "integrations.integration",
    "pk": 3,
    "fields": {
      "created": "2021-08-10T07:30:01.375Z",
      "updated": "2021-08-10T07:30:01.375Z",
      "project": 2,
      "kind": "upload",
      "name": "store_info",
      "state": "done",
      "ready": true,
      "created_ready": "2021-08-10T07:30:01.375Z",
      "created_by": null
    }
  },
  {
    "model": "integrations.integration",
    "pk": 4,
    "fields": {
      "created": "2021-08-10T07:32:04.937Z",
      "updated": "2021-08-10T07:32:04.937Z",
      "project": 2,
      "kind": "upload",
      "name": "revenue",
      "state": "done",
      "ready": true,
      "created_ready": "2021-08-10T07:32:04.937Z",
      "created_by": null
    }
  },
  {
    "model": "integrations.integration",
    "pk": 5,
    "fields": {
      "created": "2021-08-11T14:07:41.075Z",
      "updated": "2021-08-11T14:07:41.075Z",
      "project": 2,
      "kind": "upload",
      "name": "pivot",
      "state": "done",
      "ready": true,
      "created_ready": "2021-08-11T14:07:41.075Z",
      "created_by": null
    }
  },
  {
    "model": "integrations.integration",
    "pk": 6,
    "fields": {
      "created": "2021-08-10T10:03:16.769Z",
      "updated": "2021-08-11T13:35:19.052Z",
      "project": 1,
      "kind": "connector",
      "name": "Heroku Postgres",
      "state": "update",
      "ready": false,
      "created_ready": "2021-08-10T10:03:16.769Z",
      "created_by": 1
    }
  },
  {
    "model": "integrations.integration",
    "pk": 7,
    "fields": {
      "created": "2021-08-10T10:40:23.584Z",
      "updated": "2021-08-10T13:34:45.844Z",
      "project": 1,
      "kind": "connector",
      "name": "Facebook Ads",
      "state": "update",
      "ready": false,
      "created_ready": "2021-08-10T10:40:23.584Z",
      "created_by": 1
    }
  },
  {
    "model": "integrations.integration",
    "pk": 8,
    "fields": {
      "created": "2021-08-10T10:40:23.584Z",
      "updated": "2021-08-10T12:01:16.317Z",
      "project": 1,
      "kind": "connector",
      "name": "Google Analytics",
      "state": "update",
      "ready": false,
      "created_ready": "2021-08-10T10:40:23.584Z",
      "created_by": 1
    }
  },
  {
    "model": "integrations.integration",
    "pk": 9,
    "fields": {
      "created": "2021-08-10T12:54:44.272Z",
      "updated": "2021-08-11T13:29:03.723Z",
      "project": 1,
      "kind": "connector",
      "name": "Shopify",
      "state": "update",
      "ready": false,
      "created_ready": "2021-08-10T12:54:44.272Z",
      "created_by": 1
    }
  },
  {
    "model": "integrations.integration",
    "pk": 13,
    "fields": {
      "created": "2021-08-30T19:05:46.410Z",
      "updated": "2021-08-30T19:29:42.002Z",
      "project": 6,
      "kind": "connector",
      "name": "Google Analytics",
      "state": "done",
      "ready": true,
      "created_ready": "2021-08-30T19:29:42Z",
      "created_by": 2
    }
  },
  {
    "model": "integrations.integration",
    "pk": 14,
    "fields": {
      "created": "2021-08-31T00:58:18.464Z",
      "updated": "2021-08-31T00:58:25.977Z",
      "project": 6,
      "kind": "upload",
      "name": "store_info",
      "state": "done",
      "ready": true,
      "created_ready": "2021-08-31T00:58:25.975Z",
      "created_by": 2
    }
  },
  {
    "model": "workflows.workflow",
    "pk": 1,
    "fields": {
      "created": "2021-08-10T07:31:33.634Z",
      "updated": "2021-09-10T15:59:15.605Z",
      "is_scheduled": false,
      "succeeded_at": null,
      "failed_at": null,
      "name": "Untitled",
      "project": 2,
      "state": "incomplete",
      "last_success_run": null,
      "data_updated": "2021-09-10T15:59:15.605Z"
    }
  },
  {
    "model": "workflows.workflow",
    "pk": 2,
    "fields": {
      "created": "2021-12-03T23:50:30.046Z",
      "updated": "2021-12-03T23:52:38.243Z",
      "is_scheduled": true,
      "succeeded_at": null,
      "failed_at": null,
      "name": "Initial workflow",
      "project": 1,
      "state": "success",
      "last_success_run": 9,
      "data_updated": "2021-12-03T23:52:05.947Z"
    }
  },
  {
    "model": "workflows.workflow",
    "pk": 3,
    "fields": {
      "created": "2021-12-03T23:52:42.072Z",
      "updated": "2021-12-03T23:55:15.172Z",
      "is_scheduled": true,
      "succeeded_at": null,
      "failed_at": null,
      "name": "Dependent workflow",
      "project": 1,
      "state": "success",
      "last_success_run": 8,
      "data_updated": "2021-12-03T23:54:57.237Z"
    }
  },
  {
    "model": "dashboards.dashboard",
    "pk": 1,
    "fields": {
      "created": "2021-08-30T19:29:47.252Z",
      "updated": "2021-08-31T00:59:24.659Z",
      "name": "Basic metrics",
      "project": 6,
      "shared_status": "private",
      "shared_id": null,
      "password": null,
      "password_set": null,
      "width": 1200,
      "height": 840,
      "grid_size": 15,
      "palette_colors": "[\"#5D62B5\", \"#29C3BE\", \"#F2726F\", \"#FFC533\", \"#62B58F\", \"#BC95DF\", \"#67CDF2\"]",
      "background_color": "#ffffff"
    }
  },
  {
    "model": "dashboards.page",
    "pk": 1,
    "fields": {
      "created": "2021-12-13T22:47:57.268Z",
      "updated": "2021-12-13T22:47:57.268Z",
      "dashboard": 1,
      "position": 1
    }
  },
  {
    "model": "widgets.widget",
    "pk": 1,
    "fields": {
      "created": "2021-08-30T19:29:50.988Z",
      "updated": "2021-12-13T22:47:57.507Z",
      "page": 1,
      "table": 12,
      "text_content": null,
      "kind": "msline",
      "aggregator": "",
      "dimension": "date",
      "second_dimension": null,
      "name": "Bounce rate and session duration",
      "sort_by": "dimension",
      "sort_ascending": true,
      "width": 1200,
      "height": 435,
      "x": 0,
      "y": 0,
      "stack_100_percent": false,
      "error": null,
      "date_column": null,
      "show_summary_row": false
    }
  },
  {
    "model": "widgets.widget",
    "pk": 3,
    "fields": {
      "created": "2021-08-31T00:59:24.656Z",
      "updated": "2021-12-13T22:47:57.505Z",
      "page": 1,
      "table": 19,
      "text_content": null,
      "kind": "mscolumn2d",
      "aggregator": "",
      "dimension": "Owner",
      "second_dimension": null,
      "name": "Employees by owner",
      "sort_by": "value",
      "sort_ascending": false,
      "width": 1200,
      "height": 405,
      "x": 0,
      "y": 435,
      "stack_100_percent": false,
      "error": null,
      "date_column": null,
      "show_summary_row": false
    }
  },
  {
    "model": "filters.filter",
    "pk": 1,
    "fields": {
      "created": "2021-08-11T09:10:46.118Z",
      "updated": "2021-08-11T09:10:46.118Z",
      "widget": null,
      "node": 20,
      "column": "store_id",
      "type": "INTEGER",
      "numeric_predicate": "greaterthan",
      "float_value": null,
      "float_values": null,
      "integer_value": 5,
      "integer_values": null,
      "time_predicate": null,
      "datetime_predicate": null,
      "time_value": null,
      "date_value": null,
      "datetime_value": null,
      "string_predicate": null,
      "string_value": null,
      "string_values": null,
      "bool_value": true
    }
  },
  {
    "model": "filters.filter",
    "pk": 2,
    "fields": {
      "created": "2021-12-03T23:51:35.045Z",
      "updated": "2021-12-03T23:51:35.045Z",
      "widget": null,
      "node": 30,
      "column": "Employees",
      "type": "INTEGER",
      "numeric_predicate": "greaterthan",
      "float_value": null,
      "float_values": null,
      "integer_value": 3,
      "integer_values": null,
      "time_predicate": null,
      "datetime_predicate": null,
      "time_value": null,
      "date_value": null,
      "datetime_value": null,
      "string_predicate": null,
      "string_value": null,
      "string_values": null,
      "bool_value": true
    }
  },
  {
    "model": "tables.table",
    "pk": 1,
    "fields": {
      "created": "2021-07-27T13:17:23.768Z",
      "updated": "2021-08-22T00:34:00.463Z",
      "bq_table": "upload_000000001",
      "bq_dataset": "cypress_team_000001_tables",
      "project": 1,
      "source": "integration",
      "integration": 1,
      "workflow_node": null,
      "intermediate_node": null,
      "cache_node": null,
      "num_rows": 15,
      "data_updated": "2021-07-27T13:17:27.679Z"
    }
  },
  {
    "model": "tables.table",
    "pk": 2,
    "fields": {
      "created": "2021-08-08T20:28:24.385Z",
      "updated": "2021-08-22T00:34:00.293Z",
      "bq_table": "sheet_000000001",
      "bq_dataset": "cypress_team_000001_tables",
      "project": 1,
      "source": "integration",
      "integration": 2,
      "workflow_node": null,
      "intermediate_node": null,
      "cache_node": null,
      "num_rows": 10,
      "data_updated": "2021-08-08T20:28:27.912Z"
    }
  },
  {
    "model": "tables.table",
    "pk": 3,
    "fields": {
      "created": "2021-08-10T07:30:01.880Z",
      "updated": "2021-08-22T00:34:00.106Z",
      "bq_table": "upload_000000002",
      "bq_dataset": "cypress_team_000001_tables",
      "project": 2,
      "source": "integration",
      "integration": 3,
      "workflow_node": null,
      "intermediate_node": null,
      "cache_node": null,
      "num_rows": 15,
      "data_updated": "2021-08-10T07:30:05.119Z"
    }
  },
  {
    "model": "tables.table",
    "pk": 4,
    "fields": {
      "created": "2021-08-10T07:32:05.091Z",
      "updated": "2021-08-22T00:33:59.900Z",
      "bq_table": "upload_000000003",
      "bq_dataset": "cypress_team_000001_tables",
      "project": 2,
      "source": "integration",
      "integration": 4,
      "workflow_node": null,
      "intermediate_node": null,
      "cache_node": null,
      "num_rows": 15,
      "data_updated": "2021-08-10T07:32:08.896Z"
    }
  },
  {
    "model": "tables.table",
    "pk": 5,
    "fields": {
      "created": "2021-08-11T14:07:41.598Z",
      "updated": "2021-08-22T00:33:59.624Z",
      "bq_table": "upload_000000004",
      "bq_dataset": "cypress_team_000001_tables",
      "project": 2,
      "source": "integration",
      "integration": 5,
      "workflow_node": null,
      "intermediate_node": null,
      "cache_node": null,
      "num_rows": 2,
      "data_updated": "2021-08-11T14:07:44.801Z"
    }
  },
  {
    "model": "tables.table",
    "pk": 9,
    "fields": {
      "created": "2021-08-30T19:29:18.765Z",
      "updated": "2021-08-30T19:29:18.765Z",
      "bq_table": "adwords_campaigns",
      "bq_dataset": "team_1_google_analytics_a95f8dcedfcc48e0b125bc6212291f78",
      "project": 6,
      "source": "integration",
      "integration": 13,
      "workflow_node": null,
      "intermediate_node": null,
      "cache_node": null,
      "num_rows": 204,
      "data_updated": "2021-08-30T19:29:18.765Z"
    }
  },
  {
    "model": "tables.table",
    "pk": 10,
    "fields": {
      "created": "2021-08-30T19:29:18.883Z",
      "updated": "2021-08-30T19:29:18.883Z",
      "bq_table": "adwords_hourly_stats",
      "bq_dataset": "team_1_google_analytics_a95f8dcedfcc48e0b125bc6212291f78",
      "project": 6,
      "source": "integration",
      "integration": 13,
      "workflow_node": null,
      "intermediate_node": null,
      "cache_node": null,
      "num_rows": 4333,
      "data_updated": "2021-08-30T19:29:18.883Z"
    }
  },
  {
    "model": "tables.table",
    "pk": 11,
    "fields": {
      "created": "2021-08-30T19:29:18.996Z",
      "updated": "2021-08-30T19:29:18.996Z",
      "bq_table": "adwords_keyword",
      "bq_dataset": "team_1_google_analytics_a95f8dcedfcc48e0b125bc6212291f78",
      "project": 6,
      "source": "integration",
      "integration": 13,
      "workflow_node": null,
      "intermediate_node": null,
      "cache_node": null,
      "num_rows": 423,
      "data_updated": "2021-08-30T19:29:18.996Z"
    }
  },
  {
    "model": "tables.table",
    "pk": 12,
    "fields": {
      "created": "2021-08-30T19:29:19.102Z",
      "updated": "2021-08-30T19:29:19.102Z",
      "bq_table": "audience_overview",
      "bq_dataset": "team_1_google_analytics_a95f8dcedfcc48e0b125bc6212291f78",
      "project": 6,
      "source": "integration",
      "integration": 13,
      "workflow_node": null,
      "intermediate_node": null,
      "cache_node": null,
      "num_rows": 204,
      "data_updated": "2021-08-30T19:29:19.102Z"
    }
  },
  {
    "model": "tables.table",
    "pk": 13,
    "fields": {
      "created": "2021-08-30T19:29:19.199Z",
      "updated": "2021-08-30T19:29:19.199Z",
      "bq_table": "browser_and_operating_system_overview",
      "bq_dataset": "team_1_google_analytics_a95f8dcedfcc48e0b125bc6212291f78",
      "project": 6,
      "source": "integration",
      "integration": 13,
      "workflow_node": null,
      "intermediate_node": null,
      "cache_node": null,
      "num_rows": 2415,
      "data_updated": "2021-08-30T19:29:19.199Z"
    }
  },
  {
    "model": "tables.table",
    "pk": 14,
    "fields": {
      "created": "2021-08-30T19:29:19.317Z",
      "updated": "2021-08-30T19:29:19.317Z",
      "bq_table": "campaign_performance",
      "bq_dataset": "team_1_google_analytics_a95f8dcedfcc48e0b125bc6212291f78",
      "project": 6,
      "source": "integration",
      "integration": 13,
      "workflow_node": null,
      "intermediate_node": null,
      "cache_node": null,
      "num_rows": 351,
      "data_updated": "2021-08-30T19:29:19.317Z"
    }
  },
  {
    "model": "tables.table",
    "pk": 15,
    "fields": {
      "created": "2021-08-30T19:29:19.414Z",
      "updated": "2021-08-30T19:29:19.414Z",
      "bq_table": "channel_traffic",
      "bq_dataset": "team_1_google_analytics_a95f8dcedfcc48e0b125bc6212291f78",
      "project": 6,
      "source": "integration",
      "integration": 13,
      "workflow_node": null,
      "intermediate_node": null,
      "cache_node": null,
      "num_rows": 907,
      "data_updated": "2021-08-30T19:29:19.414Z"
    }
  },
  {
    "model": "tables.table",
    "pk": 16,
    "fields": {
      "created": "2021-08-30T19:29:19.512Z",
      "updated": "2021-08-30T19:29:19.512Z",
      "bq_table": "events_overview",
      "bq_dataset": "team_1_google_analytics_a95f8dcedfcc48e0b125bc6212291f78",
      "project": 6,
      "source": "integration",
      "integration": 13,
      "workflow_node": null,
      "intermediate_node": null,
      "cache_node": null,
      "num_rows": 257,
      "data_updated": "2021-08-30T19:29:19.513Z"
    }
  },
  {
    "model": "tables.table",
    "pk": 17,
    "fields": {
      "created": "2021-08-30T19:29:19.579Z",
      "updated": "2021-08-30T19:29:19.579Z",
      "bq_table": "social_media_acquisitions",
      "bq_dataset": "team_1_google_analytics_a95f8dcedfcc48e0b125bc6212291f78",
      "project": 6,
      "source": "integration",
      "integration": 13,
      "workflow_node": null,
      "intermediate_node": null,
      "cache_node": null,
      "num_rows": 589,
      "data_updated": "2021-08-30T19:29:19.579Z"
    }
  },
  {
    "model": "tables.table",
    "pk": 18,
    "fields": {
      "created": "2021-08-30T19:29:19.676Z",
      "updated": "2021-08-30T19:29:19.676Z",
      "bq_table": "traffic",
      "bq_dataset": "team_1_google_analytics_a95f8dcedfcc48e0b125bc6212291f78",
      "project": 6,
      "source": "integration",
      "integration": 13,
      "workflow_node": null,
      "intermediate_node": null,
      "cache_node": null,
      "num_rows": 3245,
      "data_updated": "2021-08-30T19:29:19.676Z"
    }
  },
  {
    "model": "tables.table",
    "pk": 19,
    "fields": {
      "created": "2021-08-31T00:58:20.605Z",
      "updated": "2021-08-31T00:58:23.826Z",
      "bq_table": "upload_000000006",
      "bq_dataset": "cypress_team_000005_tables",
      "project": 6,
      "source": "integration",
      "integration": 14,
      "workflow_node": null,
      "intermediate_node": null,
      "cache_node": null,
      "num_rows": 15,
      "data_updated": "2021-08-31T00:58:23.746Z"
    }
  },
  {
    "model": "tables.table",
    "pk": 20,
    "fields": {
      "created": "2021-12-03T23:51:57.193Z",
      "updated": "2021-12-03T23:51:58.995Z",
      "bq_table": "intermediate_node_000000031",
      "bq_dataset": "cypress_team_000001_tables",
      "project": 1,
      "source": "intermediate_node",
      "integration": null,
      "workflow_node": null,
      "intermediate_node": 31,
      "cache_node": null,
      "num_rows": 0,
      "data_updated": "2021-12-03T23:51:58.995Z"
    }
  },
  {
    "model": "tables.table",
    "pk": 21,
    "fields": {
      "created": "2021-12-03T23:52:56.929Z",
      "updated": "2021-12-03T23:52:58.711Z",
      "bq_table": "output_node_000000029",
      "bq_dataset": "cypress_team_000001_tables",
      "project": 1,
      "source": "workflow_node",
      "integration": null,
      "workflow_node": 29,
      "intermediate_node": null,
      "cache_node": null,
      "num_rows": 0,
      "data_updated": "2021-12-03T23:52:58.711Z"
    }
  },
  {
    "model": "tables.table",
    "pk": 22,
    "fields": {
      "created": "2021-12-03T23:55:09.737Z",
      "updated": "2021-12-03T23:55:11.723Z",
      "bq_table": "output_node_000000035",
      "bq_dataset": "cypress_team_000001_tables",
      "project": 1,
      "source": "workflow_node",
      "integration": null,
      "workflow_node": 35,
      "intermediate_node": null,
      "cache_node": null,
      "num_rows": 0,
      "data_updated": "2021-12-03T23:55:11.723Z"
    }
  },
  {
    "model": "invites.invite",
    "pk": 1,
    "fields": {
      "accepted": true,
      "key": "ygr7agub5cippprocdbilirifuxzikuzrifk3cjur0pbdlovqv7mym5loz8mgtsm",
      "sent": "2021-07-29T09:32:54.990Z",
      "inviter": 1,
      "email": "member@gyana.com",
      "team": 1,
      "role": "member",
      "created": "2021-07-29T09:32:54.971Z",
      "updated": "2021-07-29T09:33:49.004Z"
    }
  },
  {
    "model": "nodes.node",
    "pk": 1,
    "fields": {
      "created": "2021-08-10T07:31:39.014Z",
      "updated": "2021-08-10T07:35:39.877Z",
      "workflow": 1,
      "name": null,
      "kind": "input",
      "x": 130.00011639037822,
      "y": 1785.0,
      "data_updated": "2021-08-10T07:35:39.873Z",
      "error": null,
      "intermediate_table": null,
      "cache_table": null,
      "input_table": 3,
      "select_mode": "keep",
      "join_how": "inner",
      "join_left": null,
      "join_right": null,
      "union_distinct": false,
      "limit_limit": 100,
      "limit_offset": null,
      "text_text": null,
      "pivot_index": null,
      "pivot_column": null,
      "pivot_value": null,
      "pivot_aggregation": null,
      "unpivot_value": null,
      "unpivot_column": null,
      "sentiment_column": null,
      "always_use_credits": false,
      "uses_credits": 0,
      "credit_use_confirmed": null,
      "credit_confirmed_user": null,
      "has_been_saved": false
    }
  },
  {
    "model": "nodes.node",
    "pk": 2,
    "fields": {
      "created": "2021-08-10T07:31:49.994Z",
      "updated": "2021-08-10T07:32:53.406Z",
      "workflow": 1,
      "name": null,
      "kind": "output",
      "x": 430.0005699766216,
      "y": 0.0,
      "data_updated": "2021-08-10T07:32:53.404Z",
      "error": null,
      "intermediate_table": null,
      "cache_table": null,
      "input_table": null,
      "select_mode": "keep",
      "join_how": "inner",
      "join_left": null,
      "join_right": null,
      "union_distinct": false,
      "limit_limit": 100,
      "limit_offset": null,
      "text_text": null,
      "pivot_index": null,
      "pivot_column": null,
      "pivot_value": null,
      "pivot_aggregation": null,
      "unpivot_value": null,
      "unpivot_column": null,
      "sentiment_column": null,
      "always_use_credits": false,
      "uses_credits": 0,
      "credit_use_confirmed": null,
      "credit_confirmed_user": null,
      "has_been_saved": false
    }
  },
  {
    "model": "nodes.node",
    "pk": 3,
    "fields": {
      "created": "2021-08-10T07:32:58.092Z",
      "updated": "2021-08-10T07:33:00.909Z",
      "workflow": 1,
      "name": null,
      "kind": "select",
      "x": 430.00062057043004,
      "y": 210.0,
      "data_updated": "2021-08-10T07:33:00.907Z",
      "error": null,
      "intermediate_table": null,
      "cache_table": null,
      "input_table": null,
      "select_mode": "keep",
      "join_how": "inner",
      "join_left": null,
      "join_right": null,
      "union_distinct": false,
      "limit_limit": 100,
      "limit_offset": null,
      "text_text": null,
      "pivot_index": null,
      "pivot_column": null,
      "pivot_value": null,
      "pivot_aggregation": null,
      "unpivot_value": null,
      "unpivot_column": null,
      "sentiment_column": null,
      "always_use_credits": false,
      "uses_credits": 0,
      "credit_use_confirmed": null,
      "credit_confirmed_user": null,
      "has_been_saved": false
    }
  },
  {
    "model": "nodes.node",
    "pk": 4,
    "fields": {
      "created": "2021-08-10T07:33:08.633Z",
      "updated": "2021-08-10T07:33:11.853Z",
      "workflow": 1,
      "name": null,
      "kind": "aggregation",
      "x": 430.0009298366165,
      "y": 420.0,
      "data_updated": "2021-08-10T07:33:11.851Z",
      "error": null,
      "intermediate_table": null,
      "cache_table": null,
      "input_table": null,
      "select_mode": "keep",
      "join_how": "inner",
      "join_left": null,
      "join_right": null,
      "union_distinct": false,
      "limit_limit": 100,
      "limit_offset": null,
      "text_text": null,
      "pivot_index": null,
      "pivot_column": null,
      "pivot_value": null,
      "pivot_aggregation": null,
      "unpivot_value": null,
      "unpivot_column": null,
      "sentiment_column": null,
      "always_use_credits": false,
      "uses_credits": 0,
      "credit_use_confirmed": null,
      "credit_confirmed_user": null,
      "has_been_saved": false
    }
  },
  {
    "model": "nodes.node",
    "pk": 5,
    "fields": {
      "created": "2021-08-10T07:33:18.823Z",
      "updated": "2021-08-10T07:33:28.498Z",
      "workflow": 1,
      "name": null,
      "kind": "sort",
      "x": 430.00033186496984,
      "y": 630.0,
      "data_updated": "2021-08-10T07:33:28.495Z",
      "error": null,
      "intermediate_table": null,
      "cache_table": null,
      "input_table": null,
      "select_mode": "keep",
      "join_how": "inner",
      "join_left": null,
      "join_right": null,
      "union_distinct": false,
      "limit_limit": 100,
      "limit_offset": null,
      "text_text": null,
      "pivot_index": null,
      "pivot_column": null,
      "pivot_value": null,
      "pivot_aggregation": null,
      "unpivot_value": null,
      "unpivot_column": null,
      "sentiment_column": null,
      "always_use_credits": false,
      "uses_credits": 0,
      "credit_use_confirmed": null,
      "credit_confirmed_user": null,
      "has_been_saved": false
    }
  },
  {
    "model": "nodes.node",
    "pk": 6,
    "fields": {
      "created": "2021-08-10T07:33:21.412Z",
      "updated": "2021-08-10T07:33:32.042Z",
      "workflow": 1,
      "name": null,
      "kind": "limit",
      "x": 430.0009017982912,
      "y": 840.0,
      "data_updated": "2021-08-10T07:33:32.039Z",
      "error": null,
      "intermediate_table": null,
      "cache_table": null,
      "input_table": null,
      "select_mode": "keep",
      "join_how": "inner",
      "join_left": null,
      "join_right": null,
      "union_distinct": false,
      "limit_limit": 100,
      "limit_offset": null,
      "text_text": null,
      "pivot_index": null,
      "pivot_column": null,
      "pivot_value": null,
      "pivot_aggregation": null,
      "unpivot_value": null,
      "unpivot_column": null,
      "sentiment_column": null,
      "always_use_credits": false,
      "uses_credits": 0,
      "credit_use_confirmed": null,
      "credit_confirmed_user": null,
      "has_been_saved": false
    }
  },
  {
    "model": "nodes.node",
    "pk": 7,
    "fields": {
      "created": "2021-08-10T07:33:35.104Z",
      "updated": "2021-08-10T07:33:38.806Z",
      "workflow": 1,
      "name": null,
      "kind": "filter",
      "x": 430.0001337612346,
      "y": 1050.0,
      "data_updated": "2021-08-10T07:33:38.804Z",
      "error": null,
      "intermediate_table": null,
      "cache_table": null,
      "input_table": null,
      "select_mode": "keep",
      "join_how": "inner",
      "join_left": null,
      "join_right": null,
      "union_distinct": false,
      "limit_limit": 100,
      "limit_offset": null,
      "text_text": null,
      "pivot_index": null,
      "pivot_column": null,
      "pivot_value": null,
      "pivot_aggregation": null,
      "unpivot_value": null,
      "unpivot_column": null,
      "sentiment_column": null,
      "always_use_credits": false,
      "uses_credits": 0,
      "credit_use_confirmed": null,
      "credit_confirmed_user": null,
      "has_been_saved": false
    }
  },
  {
    "model": "nodes.node",
    "pk": 8,
    "fields": {
      "created": "2021-08-10T07:33:43.482Z",
      "updated": "2021-08-10T07:33:48.305Z",
      "workflow": 1,
      "name": null,
      "kind": "distinct",
      "x": 430.000534799492,
      "y": 1260.0,
      "data_updated": "2021-08-10T07:33:48.302Z",
      "error": null,
      "intermediate_table": null,
      "cache_table": null,
      "input_table": null,
      "select_mode": "keep",
      "join_how": "inner",
      "join_left": null,
      "join_right": null,
      "union_distinct": false,
      "limit_limit": 100,
      "limit_offset": null,
      "text_text": null,
      "pivot_index": null,
      "pivot_column": null,
      "pivot_value": null,
      "pivot_aggregation": null,
      "unpivot_value": null,
      "unpivot_column": null,
      "sentiment_column": null,
      "always_use_credits": false,
      "uses_credits": 0,
      "credit_use_confirmed": null,
      "credit_confirmed_user": null,
      "has_been_saved": false
    }
  },
  {
    "model": "nodes.node",
    "pk": 9,
    "fields": {
      "created": "2021-08-10T07:33:54.419Z",
      "updated": "2021-08-10T07:33:58.373Z",
      "workflow": 1,
      "name": null,
      "kind": "pivot",
      "x": 430.00084323447805,
      "y": 1470.0,
      "data_updated": "2021-08-10T07:33:58.371Z",
      "error": null,
      "intermediate_table": null,
      "cache_table": null,
      "input_table": null,
      "select_mode": "keep",
      "join_how": "inner",
      "join_left": null,
      "join_right": null,
      "union_distinct": false,
      "limit_limit": 100,
      "limit_offset": null,
      "text_text": null,
      "pivot_index": null,
      "pivot_column": null,
      "pivot_value": null,
      "pivot_aggregation": null,
      "unpivot_value": null,
      "unpivot_column": null,
      "sentiment_column": null,
      "always_use_credits": false,
      "uses_credits": 0,
      "credit_use_confirmed": null,
      "credit_confirmed_user": null,
      "has_been_saved": false
    }
  },
  {
    "model": "nodes.node",
    "pk": 11,
    "fields": {
      "created": "2021-08-10T07:34:30.965Z",
      "updated": "2021-08-10T07:34:34.624Z",
      "workflow": 1,
      "name": null,
      "kind": "edit",
      "x": 430.0009750129761,
      "y": 1680.0,
      "data_updated": "2021-08-10T07:34:34.622Z",
      "error": null,
      "intermediate_table": null,
      "cache_table": null,
      "input_table": null,
      "select_mode": "keep",
      "join_how": "inner",
      "join_left": null,
      "join_right": null,
      "union_distinct": false,
      "limit_limit": 100,
      "limit_offset": null,
      "text_text": null,
      "pivot_index": null,
      "pivot_column": null,
      "pivot_value": null,
      "pivot_aggregation": null,
      "unpivot_value": null,
      "unpivot_column": null,
      "sentiment_column": null,
      "always_use_credits": false,
      "uses_credits": 0,
      "credit_use_confirmed": null,
      "credit_confirmed_user": null,
      "has_been_saved": false
    }
  },
  {
    "model": "nodes.node",
    "pk": 12,
    "fields": {
      "created": "2021-08-10T07:34:40.253Z",
      "updated": "2021-08-10T07:34:44.739Z",
      "workflow": 1,
      "name": null,
      "kind": "add",
      "x": 430.00041661563745,
      "y": 1890.0,
      "data_updated": "2021-08-10T07:34:44.737Z",
      "error": null,
      "intermediate_table": null,
      "cache_table": null,
      "input_table": null,
      "select_mode": "keep",
      "join_how": "inner",
      "join_left": null,
      "join_right": null,
      "union_distinct": false,
      "limit_limit": 100,
      "limit_offset": null,
      "text_text": null,
      "pivot_index": null,
      "pivot_column": null,
      "pivot_value": null,
      "pivot_aggregation": null,
      "unpivot_value": null,
      "unpivot_column": null,
      "sentiment_column": null,
      "always_use_credits": false,
      "uses_credits": 0,
      "credit_use_confirmed": null,
      "credit_confirmed_user": null,
      "has_been_saved": false
    }
  },
  {
    "model": "nodes.node",
    "pk": 13,
    "fields": {
      "created": "2021-08-10T07:34:47.451Z",
      "updated": "2021-08-10T07:34:53.035Z",
      "workflow": 1,
      "name": null,
      "kind": "rename",
      "x": 430.00085241547646,
      "y": 2100.0,
      "data_updated": "2021-08-10T07:34:53.033Z",
      "error": null,
      "intermediate_table": null,
      "cache_table": null,
      "input_table": null,
      "select_mode": "keep",
      "join_how": "inner",
      "join_left": null,
      "join_right": null,
      "union_distinct": false,
      "limit_limit": 100,
      "limit_offset": null,
      "text_text": null,
      "pivot_index": null,
      "pivot_column": null,
      "pivot_value": null,
      "pivot_aggregation": null,
      "unpivot_value": null,
      "unpivot_column": null,
      "sentiment_column": null,
      "always_use_credits": false,
      "uses_credits": 0,
      "credit_use_confirmed": null,
      "credit_confirmed_user": null,
      "has_been_saved": false
    }
  },
  {
    "model": "nodes.node",
    "pk": 14,
    "fields": {
      "created": "2021-08-10T07:34:55.755Z",
      "updated": "2021-08-10T07:34:59.053Z",
      "workflow": 1,
      "name": null,
      "kind": "formula",
      "x": 430.00021124691074,
      "y": 2310.0,
      "data_updated": "2021-08-10T07:34:59.051Z",
      "error": null,
      "intermediate_table": null,
      "cache_table": null,
      "input_table": null,
      "select_mode": "keep",
      "join_how": "inner",
      "join_left": null,
      "join_right": null,
      "union_distinct": false,
      "limit_limit": 100,
      "limit_offset": null,
      "text_text": null,
      "pivot_index": null,
      "pivot_column": null,
      "pivot_value": null,
      "pivot_aggregation": null,
      "unpivot_value": null,
      "unpivot_column": null,
      "sentiment_column": null,
      "always_use_credits": false,
      "uses_credits": 0,
      "credit_use_confirmed": null,
      "credit_confirmed_user": null,
      "has_been_saved": false
    }
  },
  {
    "model": "nodes.node",
    "pk": 15,
    "fields": {
      "created": "2021-08-10T07:35:01.558Z",
      "updated": "2021-08-10T07:35:05.058Z",
      "workflow": 1,
      "name": null,
      "kind": "window",
      "x": 430.0009306961309,
      "y": 2520.0,
      "data_updated": "2021-08-10T07:35:05.055Z",
      "error": null,
      "intermediate_table": null,
      "cache_table": null,
      "input_table": null,
      "select_mode": "keep",
      "join_how": "inner",
      "join_left": null,
      "join_right": null,
      "union_distinct": false,
      "limit_limit": 100,
      "limit_offset": null,
      "text_text": null,
      "pivot_index": null,
      "pivot_column": null,
      "pivot_value": null,
      "pivot_aggregation": null,
      "unpivot_value": null,
      "unpivot_column": null,
      "sentiment_column": null,
      "always_use_credits": false,
      "uses_credits": 0,
      "credit_use_confirmed": null,
      "credit_confirmed_user": null,
      "has_been_saved": false
    }
  },
  {
    "model": "nodes.node",
    "pk": 16,
    "fields": {
      "created": "2021-08-10T07:35:08.678Z",
      "updated": "2021-08-10T07:35:19.540Z",
      "workflow": 1,
      "name": null,
      "kind": "text",
      "x": 0.0006686374486851318,
      "y": 3017.5,
      "data_updated": null,
      "error": null,
      "intermediate_table": null,
      "cache_table": null,
      "input_table": null,
      "select_mode": "keep",
      "join_how": "inner",
      "join_left": null,
      "join_right": null,
      "union_distinct": false,
      "limit_limit": 100,
      "limit_offset": null,
      "text_text": null,
      "pivot_index": null,
      "pivot_column": null,
      "pivot_value": null,
      "pivot_aggregation": null,
      "unpivot_value": null,
      "unpivot_column": null,
      "sentiment_column": null,
      "always_use_credits": false,
      "uses_credits": 0,
      "credit_use_confirmed": null,
      "credit_confirmed_user": null,
      "has_been_saved": false
    }
  },
  {
    "model": "nodes.node",
    "pk": 17,
    "fields": {
      "created": "2021-08-10T07:35:33.088Z",
      "updated": "2021-08-10T07:35:44.792Z",
      "workflow": 1,
      "name": null,
      "kind": "input",
      "x": 130.00091386993816,
      "y": 3267.5,
      "data_updated": "2021-08-10T07:35:44.789Z",
      "error": null,
      "intermediate_table": null,
      "cache_table": null,
      "input_table": 4,
      "select_mode": "keep",
      "join_how": "inner",
      "join_left": null,
      "join_right": null,
      "union_distinct": false,
      "limit_limit": 100,
      "limit_offset": null,
      "text_text": null,
      "pivot_index": null,
      "pivot_column": null,
      "pivot_value": null,
      "pivot_aggregation": null,
      "unpivot_value": null,
      "unpivot_column": null,
      "sentiment_column": null,
      "always_use_credits": false,
      "uses_credits": 0,
      "credit_use_confirmed": null,
      "credit_confirmed_user": null,
      "has_been_saved": false
    }
  },
  {
    "model": "nodes.node",
    "pk": 18,
    "fields": {
      "created": "2021-08-10T07:35:50.306Z",
      "updated": "2021-08-10T07:36:58.312Z",
      "workflow": 1,
      "name": null,
      "kind": "join",
      "x": 430.0004437892676,
      "y": 3017.5,
      "data_updated": "2021-08-10T07:36:58.310Z",
      "error": null,
      "intermediate_table": null,
      "cache_table": null,
      "input_table": null,
      "select_mode": "keep",
      "join_how": "inner",
      "join_left": null,
      "join_right": null,
      "union_distinct": false,
      "limit_limit": 100,
      "limit_offset": null,
      "text_text": null,
      "pivot_index": null,
      "pivot_column": null,
      "pivot_value": null,
      "pivot_aggregation": null,
      "unpivot_value": null,
      "unpivot_column": null,
      "sentiment_column": null,
      "always_use_credits": false,
      "uses_credits": 0,
      "credit_use_confirmed": null,
      "credit_confirmed_user": null,
      "has_been_saved": false
    }
  },
  {
    "model": "nodes.node",
    "pk": 19,
    "fields": {
      "created": "2021-08-10T07:36:32.246Z",
      "updated": "2021-08-10T07:36:32.247Z",
      "workflow": 1,
      "name": null,
      "kind": "input",
      "x": 130.00054088521847,
      "y": 3477.5,
      "data_updated": null,
      "error": null,
      "intermediate_table": null,
      "cache_table": null,
      "input_table": null,
      "select_mode": "keep",
      "join_how": "inner",
      "join_left": null,
      "join_right": null,
      "union_distinct": false,
      "limit_limit": 100,
      "limit_offset": null,
      "text_text": null,
      "pivot_index": null,
      "pivot_column": null,
      "pivot_value": null,
      "pivot_aggregation": null,
      "unpivot_value": null,
      "unpivot_column": null,
      "sentiment_column": null,
      "always_use_credits": false,
      "uses_credits": 0,
      "credit_use_confirmed": null,
      "credit_confirmed_user": null,
      "has_been_saved": false
    }
  },
  {
    "model": "nodes.node",
    "pk": 20,
    "fields": {
      "created": "2021-08-11T09:10:15.616Z",
      "updated": "2021-08-11T09:14:29.745Z",
      "workflow": 1,
      "name": null,
      "kind": "filter",
      "x": 430.00010229335805,
      "y": 2730.0,
      "data_updated": "2021-08-11T09:10:46.114Z",
      "error": null,
      "intermediate_table": null,
      "cache_table": null,
      "input_table": null,
      "select_mode": "keep",
      "join_how": "inner",
      "join_left": null,
      "join_right": null,
      "union_distinct": false,
      "limit_limit": 100,
      "limit_offset": null,
      "text_text": null,
      "pivot_index": null,
      "pivot_column": null,
      "pivot_value": null,
      "pivot_aggregation": null,
      "unpivot_value": null,
      "unpivot_column": null,
      "sentiment_column": null,
      "always_use_credits": false,
      "uses_credits": 0,
      "credit_use_confirmed": null,
      "credit_confirmed_user": null,
      "has_been_saved": false
    }
  },
  {
    "model": "nodes.node",
    "pk": 21,
    "fields": {
      "created": "2021-08-11T09:14:32.857Z",
      "updated": "2021-08-11T09:14:41.227Z",
      "workflow": 1,
      "name": null,
      "kind": "union",
      "x": 600.0001959821742,
      "y": 2662.5,
      "data_updated": "2021-08-11T09:14:41.225Z",
      "error": null,
      "intermediate_table": null,
      "cache_table": null,
      "input_table": null,
      "select_mode": "keep",
      "join_how": "inner",
      "join_left": null,
      "join_right": null,
      "union_distinct": false,
      "limit_limit": 100,
      "limit_offset": null,
      "text_text": null,
      "pivot_index": null,
      "pivot_column": null,
      "pivot_value": null,
      "pivot_aggregation": null,
      "unpivot_value": null,
      "unpivot_column": null,
      "sentiment_column": null,
      "always_use_credits": false,
      "uses_credits": 0,
      "credit_use_confirmed": null,
      "credit_confirmed_user": null,
      "has_been_saved": false
    }
  },
  {
    "model": "nodes.node",
    "pk": 22,
    "fields": {
      "created": "2021-08-11T12:38:17.873Z",
      "updated": "2021-08-11T12:41:29.069Z",
      "workflow": 1,
      "name": null,
      "kind": "intersect",
      "x": 600.0000428308412,
      "y": 2872.5,
      "data_updated": "2021-08-11T12:41:29.066Z",
      "error": null,
      "intermediate_table": null,
      "cache_table": null,
      "input_table": null,
      "select_mode": "keep",
      "join_how": "inner",
      "join_left": null,
      "join_right": null,
      "union_distinct": false,
      "limit_limit": 100,
      "limit_offset": null,
      "text_text": null,
      "pivot_index": null,
      "pivot_column": null,
      "pivot_value": null,
      "pivot_aggregation": null,
      "unpivot_value": null,
      "unpivot_column": null,
      "sentiment_column": null,
      "always_use_credits": false,
      "uses_credits": 0,
      "credit_use_confirmed": null,
      "credit_confirmed_user": null,
      "has_been_saved": false
    }
  },
  {
    "model": "nodes.node",
    "pk": 23,
    "fields": {
      "created": "2021-08-11T14:08:02.486Z",
      "updated": "2021-08-11T14:08:10.386Z",
      "workflow": 1,
      "name": null,
      "kind": "input",
      "x": 130.00043579212917,
      "y": 3687.5,
      "data_updated": "2021-08-11T14:08:10.382Z",
      "error": null,
      "intermediate_table": null,
      "cache_table": null,
      "input_table": 5,
      "select_mode": "keep",
      "join_how": "inner",
      "join_left": null,
      "join_right": null,
      "union_distinct": false,
      "limit_limit": 100,
      "limit_offset": null,
      "text_text": null,
      "pivot_index": null,
      "pivot_column": null,
      "pivot_value": null,
      "pivot_aggregation": null,
      "unpivot_value": null,
      "unpivot_column": null,
      "sentiment_column": null,
      "always_use_credits": false,
      "uses_credits": 0,
      "credit_use_confirmed": null,
      "credit_confirmed_user": null,
      "has_been_saved": false
    }
  },
  {
    "model": "nodes.node",
    "pk": 24,
    "fields": {
      "created": "2021-08-11T14:08:06.112Z",
      "updated": "2021-08-11T14:08:13.417Z",
      "workflow": 1,
      "name": null,
      "kind": "unpivot",
      "x": 430.00059266638146,
      "y": 3687.5,
      "data_updated": "2021-08-11T14:08:13.415Z",
      "error": null,
      "intermediate_table": null,
      "cache_table": null,
      "input_table": null,
      "select_mode": "keep",
      "join_how": "inner",
      "join_left": null,
      "join_right": null,
      "union_distinct": false,
      "limit_limit": 100,
      "limit_offset": null,
      "text_text": null,
      "pivot_index": null,
      "pivot_column": null,
      "pivot_value": null,
      "pivot_aggregation": null,
      "unpivot_value": null,
      "unpivot_column": null,
      "sentiment_column": null,
      "always_use_credits": false,
      "uses_credits": 0,
      "credit_use_confirmed": null,
      "credit_confirmed_user": null,
      "has_been_saved": false
    }
  },
  {
    "model": "nodes.node",
    "pk": 25,
    "fields": {
      "created": "2021-08-13T09:02:28.471Z",
      "updated": "2021-08-13T09:02:28.471Z",
      "workflow": 1,
      "name": null,
      "kind": "aggregation",
      "x": 130.00060000436088,
      "y": 3897.5,
      "data_updated": null,
      "error": null,
      "intermediate_table": null,
      "cache_table": null,
      "input_table": null,
      "select_mode": "keep",
      "join_how": "inner",
      "join_left": null,
      "join_right": null,
      "union_distinct": false,
      "limit_limit": 100,
      "limit_offset": null,
      "text_text": null,
      "pivot_index": null,
      "pivot_column": null,
      "pivot_value": null,
      "pivot_aggregation": null,
      "unpivot_value": null,
      "unpivot_column": null,
      "sentiment_column": null,
      "always_use_credits": false,
      "uses_credits": 0,
      "credit_use_confirmed": null,
      "credit_confirmed_user": null,
      "has_been_saved": false
    }
  },
  {
    "model": "nodes.node",
    "pk": 26,
    "fields": {
      "created": "2021-09-10T15:59:04.409Z",
      "updated": "2021-09-10T15:59:15.610Z",
      "workflow": 1,
      "name": null,
      "kind": "except",
      "x": 600.000137241146,
      "y": 3082.5,
      "data_updated": "2021-09-10T15:59:15.605Z",
      "error": null,
      "intermediate_table": null,
      "cache_table": null,
      "input_table": null,
      "select_mode": "keep",
      "join_how": "inner",
      "join_left": null,
      "join_right": null,
      "union_distinct": false,
      "limit_limit": 100,
      "limit_offset": null,
      "text_text": null,
      "pivot_index": null,
      "pivot_column": null,
      "pivot_value": null,
      "pivot_aggregation": null,
      "unpivot_value": null,
      "unpivot_column": null,
      "sentiment_column": null,
      "always_use_credits": false,
      "uses_credits": 0,
      "credit_use_confirmed": null,
      "credit_confirmed_user": null,
      "has_been_saved": false
    }
  },
  {
    "model": "nodes.node",
    "pk": 27,
    "fields": {
      "created": "2021-12-03T23:50:48.947Z",
      "updated": "2021-12-03T23:52:11.701Z",
      "workflow": 2,
      "name": "Store info sheet",
      "kind": "input",
      "x": 0.0002399768031052987,
      "y": 105.0,
      "data_updated": "2021-12-03T23:51:10.224Z",
      "error": null,
      "intermediate_table": null,
      "cache_table": null,
      "input_table": 2,
      "select_mode": "keep",
      "join_how": "inner",
      "join_left": null,
      "join_right": null,
      "union_distinct": false,
      "limit_limit": 100,
      "limit_offset": null,
      "text_text": null,
      "pivot_index": null,
      "pivot_column": null,
      "pivot_value": null,
      "pivot_aggregation": null,
      "unpivot_value": null,
      "unpivot_column": null,
      "sentiment_column": null,
      "always_use_credits": false,
      "uses_credits": 0,
      "credit_use_confirmed": null,
      "credit_confirmed_user": null,
      "has_been_saved": true
    }
  },
  {
    "model": "nodes.node",
    "pk": 29,
    "fields": {
      "created": "2021-12-03T23:50:57.390Z",
      "updated": "2021-12-03T23:52:16.372Z",
      "workflow": 2,
      "name": "Pivoted",
      "kind": "output",
      "x": 510.00023348711096,
      "y": 105.0,
      "data_updated": "2021-12-03T23:52:05.946Z",
      "error": null,
      "intermediate_table": null,
      "cache_table": null,
      "input_table": null,
      "select_mode": "keep",
      "join_how": "inner",
      "join_left": null,
      "join_right": null,
      "union_distinct": false,
      "limit_limit": 100,
      "limit_offset": null,
      "text_text": null,
      "pivot_index": null,
      "pivot_column": null,
      "pivot_value": null,
      "pivot_aggregation": null,
      "unpivot_value": null,
      "unpivot_column": null,
      "sentiment_column": null,
      "always_use_credits": false,
      "uses_credits": 0,
      "credit_use_confirmed": null,
      "credit_confirmed_user": null,
      "has_been_saved": false
    }
  },
  {
    "model": "nodes.node",
    "pk": 30,
    "fields": {
      "created": "2021-12-03T23:51:17.188Z",
      "updated": "2021-12-03T23:51:37.580Z",
      "workflow": 2,
      "name": null,
      "kind": "filter",
      "x": 170.00004036749016,
      "y": 210.0,
      "data_updated": "2021-12-03T23:51:35.037Z",
      "error": null,
      "intermediate_table": null,
      "cache_table": null,
      "input_table": null,
      "select_mode": "keep",
      "join_how": "inner",
      "join_left": null,
      "join_right": null,
      "union_distinct": false,
      "limit_limit": 100,
      "limit_offset": null,
      "text_text": null,
      "pivot_index": null,
      "pivot_column": null,
      "pivot_value": null,
      "pivot_aggregation": null,
      "unpivot_value": null,
      "unpivot_column": null,
      "sentiment_column": null,
      "always_use_credits": false,
      "uses_credits": 0,
      "credit_use_confirmed": null,
      "credit_confirmed_user": null,
      "has_been_saved": true
    }
  },
  {
    "model": "nodes.node",
    "pk": 31,
    "fields": {
      "created": "2021-12-03T23:51:41.546Z",
      "updated": "2021-12-03T23:52:01.739Z",
      "workflow": 2,
      "name": null,
      "kind": "pivot",
      "x": 340.000304190932,
      "y": 210.0,
      "data_updated": "2021-12-03T23:51:58.991Z",
      "error": null,
      "intermediate_table": 20,
      "cache_table": null,
      "input_table": null,
      "select_mode": "keep",
      "join_how": "inner",
      "join_left": null,
      "join_right": null,
      "union_distinct": false,
      "limit_limit": 100,
      "limit_offset": null,
      "text_text": null,
      "pivot_index": "Location",
      "pivot_column": "Owner",
      "pivot_value": "Employees",
      "pivot_aggregation": "sum",
      "unpivot_value": null,
      "unpivot_column": null,
      "sentiment_column": null,
      "always_use_credits": false,
      "uses_credits": 0,
      "credit_use_confirmed": null,
      "credit_confirmed_user": null,
      "has_been_saved": true
    }
  },
  {
    "model": "nodes.node",
    "pk": 32,
    "fields": {
      "created": "2021-12-03T23:52:47.542Z",
      "updated": "2021-12-03T23:53:14.145Z",
      "workflow": 3,
      "name": "Pivoted",
      "kind": "input",
      "x": 0.00013261587996916924,
      "y": 420.0,
      "data_updated": "2021-12-03T23:53:05.623Z",
      "error": null,
      "intermediate_table": null,
      "cache_table": null,
      "input_table": 21,
      "select_mode": "keep",
      "join_how": "inner",
      "join_left": null,
      "join_right": null,
      "union_distinct": false,
      "limit_limit": 100,
      "limit_offset": null,
      "text_text": null,
      "pivot_index": null,
      "pivot_column": null,
      "pivot_value": null,
      "pivot_aggregation": null,
      "unpivot_value": null,
      "unpivot_column": null,
      "sentiment_column": null,
      "always_use_credits": false,
      "uses_credits": 0,
      "credit_use_confirmed": null,
      "credit_confirmed_user": null,
      "has_been_saved": true
    }
  },
  {
    "model": "nodes.node",
    "pk": 34,
    "fields": {
      "created": "2021-12-03T23:53:49.589Z",
      "updated": "2021-12-03T23:54:51.921Z",
      "workflow": 3,
      "name": null,
      "kind": "formula",
      "x": 170.00030118870623,
      "y": 420.0,
      "data_updated": "2021-12-03T23:54:48.739Z",
      "error": null,
      "intermediate_table": null,
      "cache_table": null,
      "input_table": null,
      "select_mode": "keep",
      "join_how": "inner",
      "join_left": null,
      "join_right": null,
      "union_distinct": false,
      "limit_limit": 100,
      "limit_offset": null,
      "text_text": null,
      "pivot_index": null,
      "pivot_column": null,
      "pivot_value": null,
      "pivot_aggregation": null,
      "unpivot_value": null,
      "unpivot_column": null,
      "sentiment_column": null,
      "always_use_credits": false,
      "uses_credits": 0,
      "credit_use_confirmed": null,
      "credit_confirmed_user": null,
      "has_been_saved": true
    }
  },
  {
    "model": "nodes.node",
    "pk": 35,
    "fields": {
      "created": "2021-12-03T23:54:54.642Z",
      "updated": "2021-12-03T23:55:06.001Z",
      "workflow": 3,
      "name": "Coalesced",
      "kind": "output",
      "x": 340.0002430063872,
      "y": 420.0,
      "data_updated": "2021-12-03T23:54:57.237Z",
      "error": null,
      "intermediate_table": null,
      "cache_table": null,
      "input_table": null,
      "select_mode": "keep",
      "join_how": "inner",
      "join_left": null,
      "join_right": null,
      "union_distinct": false,
      "limit_limit": 100,
      "limit_offset": null,
      "text_text": null,
      "pivot_index": null,
      "pivot_column": null,
      "pivot_value": null,
      "pivot_aggregation": null,
      "unpivot_value": null,
      "unpivot_column": null,
      "sentiment_column": null,
      "always_use_credits": false,
      "uses_credits": 0,
      "credit_use_confirmed": null,
      "credit_confirmed_user": null,
      "has_been_saved": false
    }
  },
  {
    "model": "nodes.edge",
    "pk": 1,
    "fields": {
      "created": "2021-08-10T07:31:49.994Z",
      "updated": "2021-08-10T07:32:53.406Z",
      "child": 2,
      "parent": 1,
      "position": 0
    }
  },
  {
    "model": "nodes.edge",
    "pk": 2,
    "fields": {
      "created": "2021-08-10T07:32:58.092Z",
      "updated": "2021-08-10T07:33:00.909Z",
      "child": 3,
      "parent": 1,
      "position": 0
    }
  },
  {
    "model": "nodes.edge",
    "pk": 3,
    "fields": {
      "created": "2021-08-10T07:33:08.633Z",
      "updated": "2021-08-10T07:33:11.853Z",
      "child": 4,
      "parent": 1,
      "position": 0
    }
  },
  {
    "model": "nodes.edge",
    "pk": 4,
    "fields": {
      "created": "2021-08-10T07:33:18.823Z",
      "updated": "2021-08-10T07:33:28.498Z",
      "child": 5,
      "parent": 1,
      "position": 0
    }
  },
  {
    "model": "nodes.edge",
    "pk": 5,
    "fields": {
      "created": "2021-08-10T07:33:21.412Z",
      "updated": "2021-08-10T07:33:32.042Z",
      "child": 6,
      "parent": 1,
      "position": 0
    }
  },
  {
    "model": "nodes.edge",
    "pk": 6,
    "fields": {
      "created": "2021-08-10T07:33:35.104Z",
      "updated": "2021-08-10T07:33:38.806Z",
      "child": 7,
      "parent": 1,
      "position": 0
    }
  },
  {
    "model": "nodes.edge",
    "pk": 7,
    "fields": {
      "created": "2021-08-10T07:33:43.482Z",
      "updated": "2021-08-10T07:33:48.305Z",
      "child": 8,
      "parent": 1,
      "position": 0
    }
  },
  {
    "model": "nodes.edge",
    "pk": 8,
    "fields": {
      "created": "2021-08-10T07:33:54.419Z",
      "updated": "2021-08-10T07:33:58.373Z",
      "child": 9,
      "parent": 1,
      "position": 0
    }
  },
  {
    "model": "nodes.edge",
    "pk": 9,
    "fields": {
      "created": "2021-08-10T07:34:30.965Z",
      "updated": "2021-08-10T07:34:34.624Z",
      "child": 11,
      "parent": 1,
      "position": 0
    }
  },
  {
    "model": "nodes.edge",
    "pk": 10,
    "fields": {
      "created": "2021-08-10T07:34:40.253Z",
      "updated": "2021-08-10T07:34:44.739Z",
      "child": 12,
      "parent": 1,
      "position": 0
    }
  },
  {
    "model": "nodes.edge",
    "pk": 11,
    "fields": {
      "created": "2021-08-10T07:34:47.451Z",
      "updated": "2021-08-10T07:34:53.035Z",
      "child": 13,
      "parent": 1,
      "position": 0
    }
  },
  {
    "model": "nodes.edge",
    "pk": 12,
    "fields": {
      "created": "2021-08-10T07:34:55.755Z",
      "updated": "2021-08-10T07:34:59.053Z",
      "child": 14,
      "parent": 1,
      "position": 0
    }
  },
  {
    "model": "nodes.edge",
    "pk": 13,
    "fields": {
      "created": "2021-08-10T07:35:01.558Z",
      "updated": "2021-08-10T07:35:05.058Z",
      "child": 15,
      "parent": 1,
      "position": 0
    }
  },
  {
    "model": "nodes.edge",
    "pk": 14,
    "fields": {
      "created": "2021-08-10T07:35:50.306Z",
      "updated": "2021-08-10T07:36:58.312Z",
      "child": 18,
      "parent": 1,
      "position": 0
    }
  },
  {
    "model": "nodes.edge",
    "pk": 15,
    "fields": {
      "created": "2021-08-10T07:35:50.306Z",
      "updated": "2021-08-10T07:36:58.312Z",
      "child": 18,
      "parent": 17,
      "position": 1
    }
  },
  {
    "model": "nodes.edge",
    "pk": 16,
    "fields": {
      "created": "2021-08-11T09:10:15.616Z",
      "updated": "2021-08-11T09:14:29.745Z",
      "child": 20,
      "parent": 1,
      "position": 0
    }
  },
  {
    "model": "nodes.edge",
    "pk": 17,
    "fields": {
      "created": "2021-08-11T09:14:32.857Z",
      "updated": "2021-08-11T09:14:41.227Z",
      "child": 21,
      "parent": 1,
      "position": 0
    }
  },
  {
    "model": "nodes.edge",
    "pk": 18,
    "fields": {
      "created": "2021-08-11T09:14:32.857Z",
      "updated": "2021-08-11T09:14:41.227Z",
      "child": 21,
      "parent": 20,
      "position": 1
    }
  },
  {
    "model": "nodes.edge",
    "pk": 19,
    "fields": {
      "created": "2021-08-11T12:38:17.873Z",
      "updated": "2021-08-11T12:41:29.069Z",
      "child": 22,
      "parent": 1,
      "position": 0
    }
  },
  {
    "model": "nodes.edge",
    "pk": 20,
    "fields": {
      "created": "2021-08-11T12:38:17.873Z",
      "updated": "2021-08-11T12:41:29.069Z",
      "child": 22,
      "parent": 20,
      "position": 1
    }
  },
  {
    "model": "nodes.edge",
    "pk": 21,
    "fields": {
      "created": "2021-08-11T14:08:06.112Z",
      "updated": "2021-08-11T14:08:13.417Z",
      "child": 24,
      "parent": 23,
      "position": 0
    }
  },
  {
    "model": "nodes.edge",
    "pk": 22,
    "fields": {
      "created": "2021-09-10T15:59:04.409Z",
      "updated": "2021-09-10T15:59:15.610Z",
      "child": 26,
      "parent": 1,
      "position": 0
    }
  },
  {
    "model": "nodes.edge",
    "pk": 23,
    "fields": {
      "created": "2021-09-10T15:59:04.409Z",
      "updated": "2021-09-10T15:59:15.610Z",
      "child": 26,
      "parent": 20,
      "position": 1
    }
  },
  {
    "model": "nodes.edge",
    "pk": 26,
    "fields": {
      "created": "2021-12-03T23:51:19.570Z",
      "updated": "2021-12-03T23:51:19.570Z",
      "child": 30,
      "parent": 27,
      "position": 0
    }
  },
  {
    "model": "nodes.edge",
    "pk": 27,
    "fields": {
      "created": "2021-12-03T23:51:44.724Z",
      "updated": "2021-12-03T23:51:44.724Z",
      "child": 31,
      "parent": 30,
      "position": 0
    }
  },
  {
    "model": "nodes.edge",
    "pk": 28,
    "fields": {
      "created": "2021-12-03T23:52:05.973Z",
      "updated": "2021-12-03T23:52:05.973Z",
      "child": 29,
      "parent": 31,
      "position": 0
    }
  },
  {
    "model": "nodes.edge",
    "pk": 29,
    "fields": {
      "created": "2021-12-03T23:53:53.476Z",
      "updated": "2021-12-03T23:53:53.476Z",
      "child": 34,
      "parent": 32,
      "position": 0
    }
  },
  {
    "model": "nodes.edge",
    "pk": 30,
    "fields": {
      "created": "2021-12-03T23:54:57.247Z",
      "updated": "2021-12-03T23:54:57.247Z",
      "child": 35,
      "parent": 34,
      "position": 0
    }
  },
  {
    "model": "columns.aggregationcolumn",
    "pk": 1,
    "fields": {
      "created": "2021-08-30T19:30:10.265Z",
      "updated": "2021-08-30T19:30:10.265Z",
      "column": "bounce_rate",
      "function": "mean",
      "node": null,
      "widget": 1
    }
  },
  {
    "model": "columns.aggregationcolumn",
    "pk": 2,
    "fields": {
      "created": "2021-08-30T19:30:48.636Z",
      "updated": "2021-08-30T19:30:48.636Z",
      "column": "avg_session_duration",
      "function": "mean",
      "node": null,
      "widget": 1
    }
  },
  {
    "model": "columns.aggregationcolumn",
    "pk": 5,
    "fields": {
      "created": "2021-08-31T00:59:45.612Z",
      "updated": "2021-08-31T01:00:23.789Z",
      "column": "Employees",
      "function": "sum",
      "node": null,
      "widget": 3
    }
  },
  {
    "model": "columns.formulacolumn",
    "pk": 1,
    "fields": {
      "created": "2021-12-03T23:54:22.018Z",
      "updated": "2021-12-03T23:54:22.018Z",
      "node": 34,
      "formula": "coalesce(Alex, 0)",
      "label": "Alex"
    }
  },
  {
    "model": "columns.formulacolumn",
    "pk": 2,
    "fields": {
      "created": "2021-12-03T23:54:48.730Z",
      "updated": "2021-12-03T23:54:48.730Z",
      "node": 34,
      "formula": "coalesce(Matt, 0)",
      "label": "Matt"
    }
  },
  {
    "model": "columns.formulacolumn",
    "pk": 3,
    "fields": {
      "created": "2021-12-03T23:54:48.738Z",
      "updated": "2021-12-03T23:54:48.738Z",
      "node": 34,
      "formula": "coalesce(Kanar, 0)",
      "label": "Kanar"
    }
  },
  {
    "model": "columns.formulacolumn",
    "pk": 4,
    "fields": {
      "created": "2021-12-03T23:54:48.747Z",
      "updated": "2021-12-03T23:54:48.747Z",
      "node": 34,
      "formula": "coalesce(Floris, 0)",
      "label": "Floris"
    }
  },
  {
    "model": "uploads.upload",
    "pk": 1,
    "fields": {
      "created": "2021-07-27T13:17:27.984Z",
      "updated": "2021-07-27T13:17:27.987Z",
      "integration": 1,
      "file_gcs_path": "cypress/integrations/store_info-1627391842010578.csv",
      "field_delimiter": "comma"
    }
  },
  {
    "model": "uploads.upload",
    "pk": 2,
    "fields": {
      "created": "2021-08-10T07:30:01.223Z",
      "updated": "2021-08-10T07:30:05.253Z",
      "integration": 3,
      "file_gcs_path": "cypress/integrations/store_info-1628580600032663.csv",
      "field_delimiter": "comma"
    }
  },
  {
    "model": "uploads.upload",
    "pk": 3,
    "fields": {
      "created": "2021-08-10T07:32:04.910Z",
      "updated": "2021-08-10T07:32:09.105Z",
      "integration": 4,
      "file_gcs_path": "cypress/integrations/revenue-1628580724160651.csv",
      "field_delimiter": "comma"
    }
  },
  {
    "model": "uploads.upload",
    "pk": 4,
    "fields": {
      "created": "2021-08-11T14:07:41.028Z",
      "updated": "2021-08-11T14:07:44.921Z",
      "integration": 5,
      "file_gcs_path": "cypress/integrations/pivot-1628690860210745.csv",
      "field_delimiter": "comma"
    }
  },
  {
    "model": "uploads.upload",
    "pk": 6,
    "fields": {
      "created": "2021-08-31T00:58:18.465Z",
      "updated": "2021-08-31T00:58:23.827Z",
      "integration": 14,
      "file_gcs_path": "cypress/integrations/store_info-16303714979454799.csv",
      "field_delimiter": "comma"
    }
  },
  {
    "model": "sheets.sheet",
    "pk": 1,
    "fields": {
      "created": "2021-08-08T20:28:24.090Z",
      "updated": "2021-12-03T23:55:23.784Z",
      "is_scheduled": true,
      "succeeded_at": null,
      "failed_at": null,
      "integration": 2,
      "url": "https://docs.google.com/spreadsheets/d/1mfauospJlft0B304j7em1vcyE1QKKVMhZjyLfIAnvmU/edit",
      "sheet_name": null,
      "cell_range": "store_info!A1:D11",
      "drive_file_last_modified_at_sync": "2021-08-08T16:46:04.194Z",
      "drive_modified_date": "2021-10-21T20:18:31.669Z"
    }
  },
  {
    "model": "connectors.connector",
    "pk": 1,
    "fields": {
      "created": "2021-08-10T10:03:16.771Z",
      "updated": "2021-11-03T17:31:36.882Z",
      "is_scheduled": false,
      "succeeded_at": "2021-08-25T12:26:16.959Z",
      "failed_at": "2021-09-08T18:07:29.001Z",
      "integration": 6,
      "fivetran_authorized": true,
      "fivetran_sync_started": null,
      "bigquery_succeeded_at": null,
      "fivetran_id": "plexus_impatient",
      "group_id": "general_candor",
      "service": "heroku_postgres",
      "service_version": 3,
      "schema": "team_1_heroku_postgres_0e684903d1044f7280bb061fd3c179a4",
      "paused": false,
      "pause_after_trial": false,
      "connected_by": "residual_typing",
      "created_at": "2021-08-10T14:10:36.984Z",
      "sync_frequency": 360,
      "daily_sync_time": null,
      "schedule_type": "auto",
      "setup_state": "broken",
      "sync_state": "rescheduled",
      "update_state": "delayed",
      "is_historical_sync": false,
      "tasks": [{ "code": "change_in_tls_detected", "message": "Revalidate TLS Certificate" }],
      "warnings": [
        { "code": "long_term_broken_connector", "message": "Connector broken for over 7 days" }
      ],
      "config": {
        "host": "ec2-52-50-171-4.eu-west-1.compute.amazonaws.com",
        "port": 5432,
        "user": "dzabfqmpyswfll",
        "database": "dfjd6hoi1qur8d",
        "password": "******",
        "update_method": "XMIN",
        "connection_type": "Directly"
      },
      "source_sync_details": null,
      "schema_config": null,
      "sync_task_id": null,
      "sync_started": null
    }
  },
  {
    "model": "connectors.connector",
    "pk": 2,
    "fields": {
      "created": "2021-08-10T10:40:23.586Z",
      "updated": "2021-11-03T17:31:34.953Z",
      "is_scheduled": false,
      "succeeded_at": "2021-11-03T12:21:16.479Z",
      "failed_at": "2021-10-04T21:32:53.448Z",
      "integration": 7,
      "fivetran_authorized": true,
      "fivetran_sync_started": null,
      "bigquery_succeeded_at": null,
      "fivetran_id": "legate_wandered",
      "group_id": "general_candor",
      "service": "facebook_ads",
      "service_version": 0,
      "schema": "team_1_facebook_ads_563a564c28cc469dba73faf6dea0799e",
      "paused": false,
      "pause_after_trial": false,
      "connected_by": "residual_typing",
      "created_at": "2021-08-10T10:35:57.270Z",
      "sync_frequency": 360,
      "daily_sync_time": null,
      "schedule_type": "auto",
      "setup_state": "connected",
      "sync_state": "scheduled",
      "update_state": "on_schedule",
      "is_historical_sync": false,
      "tasks": [],
      "warnings": [],
      "config": { "sync_mode": "AllAccounts", "sync_metadata": true, "timeframe_months": "SIX" },
      "source_sync_details": { "account_ids": ["act_78363492"] },
      "schema_config": null,
      "sync_task_id": null,
      "sync_started": null
    }
  },
  {
    "model": "connectors.connector",
    "pk": 3,
    "fields": {
      "created": "2021-08-10T10:40:23.586Z",
      "updated": "2021-11-03T17:31:35.855Z",
      "is_scheduled": false,
      "succeeded_at": "2021-11-03T12:27:44.782Z",
      "failed_at": "2021-10-05T06:30:23.170Z",
      "integration": 8,
      "fivetran_authorized": true,
      "fivetran_sync_started": null,
      "bigquery_succeeded_at": null,
      "fivetran_id": "humid_rifle",
      "group_id": "general_candor",
      "service": "google_analytics",
      "service_version": 1,
      "schema": "team_1_google_analytics_a3b8bcf82f804f43a998ce683f332be2",
      "paused": false,
      "pause_after_trial": false,
      "connected_by": "residual_typing",
      "created_at": "2021-07-29T12:44:47.204Z",
      "sync_frequency": 360,
      "daily_sync_time": null,
      "schedule_type": "auto",
      "setup_state": "connected",
      "sync_state": "scheduled",
      "update_state": "on_schedule",
      "is_historical_sync": false,
      "tasks": [],
      "warnings": [],
      "config": {
        "reports": [
          {
            "table": "adwords_campaigns",
            "metrics": [
              "goalValueAll",
              "sessions",
              "adClicks",
              "goalCompletionsAll",
              "adCost",
              "CPC",
              "goalConversionRateAll",
              "users",
              "bounceRate"
            ],
            "dimensions": ["date", "adwordsCampaignID"],
            "config_type": "Prebuilt",
            "prebuilt_report": "ADWORDS_CAMPAIGNS"
          },
          {
            "table": "adwords_hourly_stats",
            "metrics": [
              "goalValueAll",
              "sessions",
              "adClicks",
              "goalCompletionsAll",
              "adCost",
              "CPC",
              "pageviewsPerSession",
              "goalConversionRateAll",
              "users",
              "bounceRate"
            ],
            "dimensions": ["date", "dateHour"],
            "config_type": "Prebuilt",
            "prebuilt_report": "ADWORDS_HOURLY_STATS"
          },
          {
            "table": "adwords_keyword",
            "metrics": [
              "goalValueAll",
              "sessions",
              "adClicks",
              "goalCompletionsAll",
              "adCost",
              "CPC",
              "pageviewsPerSession",
              "goalConversionRateAll",
              "users",
              "bounceRate"
            ],
            "dimensions": ["date", "keyword"],
            "config_type": "Prebuilt",
            "prebuilt_report": "ADWORDS_KEYWORD"
          },
          {
            "table": "audience_overview",
            "metrics": [
              "newUsers",
              "sessions",
              "sessionsPerUser",
              "pageviews",
              "avgSessionDuration",
              "pageviewsPerSession",
              "users",
              "bounceRate"
            ],
            "dimensions": ["date"],
            "config_type": "Prebuilt",
            "prebuilt_report": "AUDIENCE_OVERVIEW"
          },
          {
            "table": "browser_and_operating_system_overview",
            "metrics": [
              "goalValueAll",
              "newUsers",
              "sessions",
              "avgSessionDuration",
              "goalCompletionsAll",
              "pageviewsPerSession",
              "goalConversionRateAll",
              "users",
              "bounceRate"
            ],
            "dimensions": ["date", "browser", "operatingSystem"],
            "config_type": "Prebuilt",
            "prebuilt_report": "BROWSER_AND_OPERATING_SYSTEM_OVERVIEW"
          },
          {
            "table": "campaign_performance",
            "metrics": [
              "goalValueAll",
              "newUsers",
              "sessions",
              "goalCompletionsAll",
              "pageviewsPerSession",
              "goalConversionRateAll",
              "users",
              "bounceRate"
            ],
            "dimensions": ["date", "campaign"],
            "config_type": "Prebuilt",
            "prebuilt_report": "CAMPAIGN_PERFORMANCE"
          },
          {
            "table": "channel_traffic",
            "metrics": [
              "goalValueAll",
              "newUsers",
              "sessions",
              "avgSessionDuration",
              "goalCompletionsAll",
              "percentNewSessions",
              "pageviewsPerSession",
              "goalConversionRateAll",
              "users",
              "bounceRate"
            ],
            "dimensions": ["date", "channelGrouping"],
            "config_type": "Prebuilt",
            "prebuilt_report": "CHANNEL_TRAFFIC"
          },
          {
            "table": "events_overview",
            "metrics": [
              "eventValue",
              "totalEvents",
              "sessionsWithEvent",
              "eventsPerSessionWithEvent",
              "avgEventValue",
              "uniqueEvents"
            ],
            "dimensions": ["date", "eventCategory"],
            "config_type": "Prebuilt",
            "prebuilt_report": "EVENTS_OVERVIEW"
          },
          {
            "table": "social_media_acquisitions",
            "metrics": [
              "sessions",
              "newUsers",
              "pageviews",
              "avgSessionDuration",
              "transactionRevenue",
              "percentNewSessions",
              "pageviewsPerSession",
              "transactions",
              "transactionsPerSession",
              "bounceRate"
            ],
            "dimensions": ["date", "socialNetwork"],
            "config_type": "Prebuilt",
            "prebuilt_report": "SOCIAL_MEDIA_ACQUISITIONS"
          },
          {
            "table": "traffic",
            "metrics": [
              "pageviews",
              "avgTimeOnPage",
              "pageValue",
              "uniquePageviews",
              "exitRate",
              "entrances",
              "users",
              "bounceRate"
            ],
            "dimensions": ["date", "pageTitle"],
            "config_type": "Prebuilt",
            "prebuilt_report": "TRAFFIC"
          }
        ],
        "accounts": ["82798099"],
        "profiles": ["237044023"],
        "sync_mode": "SpecificAccounts",
        "timeframe_months": "ALL_TIME"
      },
      "source_sync_details": { "profile_ids": ["237044023"] },
      "schema_config": null,
      "sync_task_id": null,
      "sync_started": null
    }
  },
  {
    "model": "connectors.connector",
    "pk": 8,
    "fields": {
      "created": "2021-08-10T12:54:44.273Z",
      "updated": "2021-11-03T17:31:34.021Z",
      "is_scheduled": false,
      "succeeded_at": "2021-08-24T06:37:48.417Z",
      "failed_at": "2021-09-21T22:48:08.033Z",
      "integration": 9,
      "fivetran_authorized": true,
      "fivetran_sync_started": null,
      "bigquery_succeeded_at": null,
      "fivetran_id": "overtime_froze",
      "group_id": "general_candor",
      "service": "shopify",
      "service_version": 0,
      "schema": "team_1_shopify_3d74304d54144cf59f97f304da4e6d95",
      "paused": false,
      "pause_after_trial": false,
      "connected_by": "residual_typing",
      "created_at": "2021-08-10T12:53:47.812Z",
      "sync_frequency": 360,
      "daily_sync_time": null,
      "schedule_type": "auto",
      "setup_state": "broken",
      "sync_state": "rescheduled",
      "update_state": "on_schedule",
      "is_historical_sync": true,
      "tasks": [{ "code": "reconnect", "message": "Reconnect" }],
      "warnings": [
        { "code": "long_term_broken_connector", "message": "Connector broken for over 7 days" }
      ],
      "config": { "shop": "gyanalimited" },
      "source_sync_details": null,
      "schema_config": null,
      "sync_task_id": null,
      "sync_started": null
    }
  },
  {
    "model": "connectors.connector",
    "pk": 9,
    "fields": {
      "created": "2021-08-30T19:05:46.412Z",
      "updated": "2021-11-03T17:31:33.091Z",
      "is_scheduled": false,
      "succeeded_at": null,
      "failed_at": null,
      "integration": 13,
      "fivetran_authorized": true,
      "fivetran_sync_started": null,
      "bigquery_succeeded_at": null,
      "fivetran_id": "preshow_regardless",
      "group_id": "general_candor",
      "service": "google_analytics",
      "service_version": 1,
      "schema": "team_13_google_analytics_75cb232675b24a089c27fd1ab9168860",
      "paused": true,
      "pause_after_trial": false,
      "connected_by": "residual_typing",
      "created_at": "2021-08-19T12:45:25.684Z",
      "sync_frequency": 360,
      "daily_sync_time": null,
      "schedule_type": "auto",
      "setup_state": "incomplete",
      "sync_state": "paused",
      "update_state": "on_schedule",
      "is_historical_sync": true,
      "tasks": [],
      "warnings": [],
      "config": {
        "reports": [
          {
            "table": "adwords_campaigns",
            "config_type": "Prebuilt",
            "prebuilt_report": "ADWORDS_CAMPAIGNS"
          },
          {
            "table": "adwords_hourly_stats",
            "config_type": "Prebuilt",
            "prebuilt_report": "ADWORDS_HOURLY_STATS"
          },
          {
            "table": "adwords_keyword",
            "config_type": "Prebuilt",
            "prebuilt_report": "ADWORDS_KEYWORD"
          },
          {
            "table": "audience_overview",
            "config_type": "Prebuilt",
            "prebuilt_report": "AUDIENCE_OVERVIEW"
          },
          {
            "table": "browser_and_operating_system_overview",
            "config_type": "Prebuilt",
            "prebuilt_report": "BROWSER_AND_OPERATING_SYSTEM_OVERVIEW"
          },
          {
            "table": "campaign_performance",
            "config_type": "Prebuilt",
            "prebuilt_report": "CAMPAIGN_PERFORMANCE"
          },
          {
            "table": "channel_traffic",
            "config_type": "Prebuilt",
            "prebuilt_report": "CHANNEL_TRAFFIC"
          },
          {
            "table": "events_overview",
            "config_type": "Prebuilt",
            "prebuilt_report": "EVENTS_OVERVIEW"
          },
          {
            "table": "social_media_acquisitions",
            "config_type": "Prebuilt",
            "prebuilt_report": "SOCIAL_MEDIA_ACQUISITIONS"
          },
          { "table": "traffic", "config_type": "Prebuilt", "prebuilt_report": "TRAFFIC" }
        ],
        "sync_mode": "AllAccounts",
        "timeframe_months": "ALL_TIME"
      },
      "source_sync_details": null,
      "schema_config": null,
      "sync_task_id": null,
      "sync_started": null
    }
  },
  {
    "model": "appsumo.appsumocode",
    "pk": 1,
    "fields": {
      "created": "2021-08-23T23:00:00Z",
      "updated": "2021-08-23T23:00:00Z",
      "code": "12345678",
      "team": null,
      "deal": "usd_49",
      "redeemed": null,
      "refunded_before": null,
      "redeemed_by": null
    }
  },
  {
    "model": "appsumo.appsumocode",
    "pk": 2,
    "fields": {
      "created": "2021-08-23T23:00:00Z",
      "updated": "2021-08-23T23:00:00Z",
      "code": "ABCDEFGH",
      "team": 1,
      "deal": "usd_59",
      "redeemed": "2021-08-23T23:00:00Z",
      "refunded_before": null,
      "redeemed_by": null
    }
  },
  {
    "model": "appsumo.appsumocode",
    "pk": 3,
    "fields": {
      "created": "2021-08-23T23:00:00Z",
      "updated": "2021-08-23T23:00:00Z",
      "code": "QWERTYUI",
      "team": null,
      "deal": "usd_179",
      "redeemed": "2021-08-23T23:00:00Z",
      "refunded_before": null,
      "redeemed_by": null
    }
  },
  {
    "model": "templates.template",
    "pk": 1,
    "fields": {
      "created": "2021-08-30T21:44:56.106Z",
      "updated": "2021-08-30T21:44:56.106Z",
      "project": 6
    }
  },
  {
    "model": "runs.jobrun",
    "pk": 1,
    "fields": {
      "created": "2021-12-08T15:16:24.045Z",
      "updated": "2021-12-08T15:16:24.045Z",
      "state": "success",
      "started_at": "2021-08-31T00:58:20.370Z",
      "completed_at": "2021-08-31T00:58:25.370Z",
      "user": null,
      "task_id": "b157cb85-ba71-4a56-983e-7cf7a6b09e73",
      "result": null,
      "source": "integration",
      "integration": 14,
      "workflow": null
    }
  },
  {
    "model": "runs.jobrun",
    "pk": 2,
    "fields": {
      "created": "2021-12-08T15:16:24.049Z",
      "updated": "2021-12-08T15:16:24.049Z",
      "state": "success",
      "started_at": "2021-08-30T19:05:46.412Z",
      "completed_at": "2021-08-30T19:05:51.412Z",
      "user": null,
      "task_id": "046b5f1f-d1c7-4546-af58-b9ba9fd961b2",
      "result": null,
      "source": "integration",
      "integration": 13,
      "workflow": null
    }
  },
  {
    "model": "runs.jobrun",
    "pk": 3,
    "fields": {
      "created": "2021-12-08T15:16:24.050Z",
      "updated": "2021-12-08T15:16:24.050Z",
      "state": "success",
      "started_at": "2021-08-11T14:07:41.043Z",
      "completed_at": "2021-08-11T14:07:46.043Z",
      "user": null,
      "task_id": "232cd31d-a6e6-4e67-95ff-5afd45560277",
      "result": null,
      "source": "integration",
      "integration": 5,
      "workflow": null
    }
  },
  {
    "model": "runs.jobrun",
    "pk": 4,
    "fields": {
      "created": "2021-12-08T15:16:24.051Z",
      "updated": "2021-12-08T15:16:24.051Z",
      "state": "success",
      "started_at": "2021-08-10T07:32:04.919Z",
      "completed_at": "2021-08-10T07:32:09.919Z",
      "user": null,
      "task_id": "d0e6091d-7343-4cfb-9d38-92a59cad92b3",
      "result": null,
      "source": "integration",
      "integration": 4,
      "workflow": null
    }
  },
  {
    "model": "runs.jobrun",
    "pk": 5,
    "fields": {
      "created": "2021-12-08T15:16:24.052Z",
      "updated": "2021-12-08T15:16:24.052Z",
      "state": "success",
      "started_at": "2021-08-10T07:30:01.347Z",
      "completed_at": "2021-08-10T07:30:06.347Z",
      "user": null,
      "task_id": "1a2e3e76-3a94-4284-8d7d-48f604690ffc",
      "result": null,
      "source": "integration",
      "integration": 3,
      "workflow": null
    }
  },
  {
    "model": "runs.jobrun",
    "pk": 6,
    "fields": {
      "created": "2021-12-08T15:16:24.054Z",
      "updated": "2021-12-08T15:16:24.054Z",
      "state": "success",
      "started_at": "2021-08-08T20:28:24.090Z",
      "completed_at": "2021-08-08T20:28:29.090Z",
      "user": null,
      "task_id": "aa5c3086-1f87-434f-9d5b-48bd69786b33",
      "result": null,
      "source": "integration",
      "integration": 2,
      "workflow": null
    }
  },
  {
    "model": "runs.jobrun",
    "pk": 7,
    "fields": {
      "created": "2021-12-08T15:16:24.055Z",
      "updated": "2021-12-08T15:16:24.055Z",
      "state": "success",
      "started_at": "2021-07-27T13:17:27.984Z",
      "completed_at": "2021-07-27T13:17:32.984Z",
      "user": null,
      "task_id": "df9e7627-b19a-4400-b0e8-894ca1ff9124",
      "result": null,
      "source": "integration",
      "integration": 1,
      "workflow": null
    }
  },
  {
    "model": "runs.jobrun",
    "pk": 8,
    "fields": {
      "created": "2021-12-13T22:47:58.099Z",
      "updated": "2021-12-13T22:47:58.099Z",
      "state": "success",
      "started_at": "2021-12-03T23:55:06.732Z",
      "completed_at": "2021-12-03T23:55:11.732Z",
      "user": null,
      "task_id": null,
      "result": null,
      "source": "workflow",
      "integration": null,
      "workflow": 3
    }
  },
  {
    "model": "runs.jobrun",
    "pk": 9,
    "fields": {
      "created": "2021-12-13T22:47:58.102Z",
      "updated": "2021-12-13T22:47:58.102Z",
      "state": "success",
      "started_at": "2021-12-03T23:52:53.722Z",
      "completed_at": "2021-12-03T23:52:58.722Z",
      "user": null,
      "task_id": null,
      "result": null,
      "source": "workflow",
      "integration": null,
      "workflow": 2
    }
  },
  {
    "model": "account.emailaddress",
    "pk": 1,
    "fields": { "user": 1, "email": "test@gyana.com", "verified": true, "primary": true }
  },
  {
    "model": "account.emailaddress",
    "pk": 2,
    "fields": { "user": 3, "email": "alone@gyana.com", "verified": true, "primary": true }
  },
  {
    "model": "account.emailaddress",
    "pk": 3,
    "fields": { "user": 2, "email": "admin@gyana.com", "verified": true, "primary": true }
  },
  {
    "model": "socialaccount.socialapp",
    "pk": 1,
    "fields": {
      "provider": "google",
      "name": "Google",
      "client_id": "766404612569-gn5hok52al6q1ob04rfmha8k4bns09me.apps.googleusercontent.com",
      "secret": "l9xbaHAi5xf4WuRji3PiTq-z",
      "key": "",
      "sites": [1]
    }
  },
  {
    "model": "waffle.flag",
    "pk": 1,
    "fields": {
      "name": "beta",
      "everyone": true,
      "percent": null,
      "testing": false,
      "superusers": true,
      "staff": false,
      "authenticated": false,
      "languages": "",
      "rollout": false,
      "note": "",
      "created": "2021-10-04T15:59:32Z",
      "modified": "2021-10-04T15:59:37.292Z",
      "groups": [],
      "users": []
    }
  },
  {
    "model": "waffle.flag",
    "pk": 2,
    "fields": {
      "name": "templates",
      "everyone": false,
      "percent": null,
      "testing": false,
      "superusers": true,
      "staff": false,
      "authenticated": false,
      "languages": "",
      "rollout": false,
      "note": "",
      "created": "2021-10-13T13:06:32Z",
      "modified": "2021-10-13T13:06:37.292Z",
      "groups": [],
      "users": []
    }
  },
  {
    "model": "waffle.flag",
    "pk": 3,
    "fields": {
      "name": "subscriptions",
      "everyone": true,
      "percent": null,
      "testing": false,
      "superusers": true,
      "staff": false,
      "authenticated": false,
      "languages": "",
      "rollout": false,
      "note": "",
      "created": "2021-11-08T23:57:46Z",
      "modified": "2021-11-08T23:57:56.064Z",
      "groups": [],
      "users": []
    }
  },
  {
    "model": "djpaddle.plan",
    "pk": 18567,
    "fields": {
      "created_at": "2021-11-08T23:50:38.699Z",
      "updated_at": "2021-11-08T23:50:38.699Z",
      "name": "Pro",
      "billing_type": "month",
      "billing_period": 1,
      "trial_days": 0
    }
  },
  {
    "model": "djpaddle.plan",
    "pk": 18932,
    "fields": {
      "created_at": "2021-11-08T23:50:38.706Z",
      "updated_at": "2021-11-08T23:50:38.706Z",
      "name": "Business",
      "billing_type": "month",
      "billing_period": 1,
      "trial_days": 0
    }
  },
  {
    "model": "djpaddle.price",
    "pk": 1,
    "fields": {
      "created_at": "2021-11-08T23:50:38.704Z",
      "updated_at": "2021-11-08T23:50:38.704Z",
      "plan": 18567,
      "currency": "USD",
      "quantity": 0.0,
      "recurring": false
    }
  },
  {
    "model": "djpaddle.price",
    "pk": 2,
    "fields": {
      "created_at": "2021-11-08T23:50:38.704Z",
      "updated_at": "2021-11-08T23:50:38.704Z",
      "plan": 18567,
      "currency": "USD",
      "quantity": 30.0,
      "recurring": true
    }
  },
  {
    "model": "djpaddle.price",
    "pk": 3,
    "fields": {
      "created_at": "2021-11-08T23:50:38.724Z",
      "updated_at": "2021-11-08T23:50:38.724Z",
      "plan": 18932,
      "currency": "USD",
      "quantity": 0.0,
      "recurring": false
    }
  },
  {
    "model": "djpaddle.price",
    "pk": 4,
    "fields": {
      "created_at": "2021-11-08T23:50:38.724Z",
      "updated_at": "2021-11-08T23:50:38.724Z",
      "plan": 18932,
      "currency": "USD",
      "quantity": 150.0,
      "recurring": true
    }
  },
  {
    "model": "djpaddle.subscription",
    "pk": "169194",
    "fields": {
      "created_at": "2021-11-08T23:01:08.216Z",
      "updated_at": "2021-11-08T23:01:08.216Z",
      "subscriber": 6,
      "cancel_url": "https://sandbox-subscription-management.paddle.com/subscription/169194/hash/15a7bd9fe78a9c6b5ca80ad02542588644ae45ee1f0c3f6d4d33c3bd2a6001c0/cancel",
      "checkout_id": "333888-chre4dda3d055ef-388e24a6c2",
      "currency": "USD",
      "email": "test@gyana.com",
      "event_time": "2021-11-08T23:01:07Z",
      "marketing_consent": false,
      "next_bill_date": "2021-12-08T00:00:00Z",
      "passthrough": "{\"user_id\": 1, \"team_id\": 6}",
      "quantity": 1,
      "source": "localhost:8000",
      "status": "active",
      "plan": 18567,
      "unit_price": 30.0,
      "update_url": "https://sandbox-subscription-management.paddle.com/subscription/169194/hash/15a7bd9fe78a9c6b5ca80ad02542588644ae45ee1f0c3f6d4d33c3bd2a6001c0/update"
    }
  },
  {
    "model": "django_celery_beat.crontabschedule",
    "pk": 1,
    "fields": {
      "minute": "0",
      "hour": "0",
      "day_of_week": "*",
      "day_of_month": "*",
      "month_of_year": "*",
      "timezone": "GMT"
    }
  },
  {
    "model": "django_celery_beat.periodictasks",
    "pk": 1,
    "fields": { "last_update": "2021-12-13T22:47:47.818Z" }
  },
  {
    "model": "django_celery_beat.periodictask",
    "pk": 1,
    "fields": {
      "name": "schedule.project.pk=1",
      "task": "apps.projects.periodic.run_schedule_for_project",
      "interval": null,
      "crontab": 1,
      "solar": null,
      "clocked": null,
      "args": "[1]",
      "kwargs": "{}",
      "queue": null,
      "exchange": null,
      "routing_key": null,
      "headers": "{}",
      "priority": null,
      "expires": null,
      "expire_seconds": null,
      "one_off": false,
      "start_time": null,
      "enabled": true,
      "last_run_at": null,
      "total_run_count": 0,
      "date_changed": "2021-12-03T23:55:23.828Z",
      "description": ""
    }
  }
]
