[
  {
    "model": "sites.site",
    "pk": 1,
    "fields": {
      "domain": "localhost:8000",
      "name": "localhost:8000"
    }
  },
  {
    "model": "users.customuser",
    "pk": 1,
    "fields": {
      "password": "pbkdf2_sha256$260000$KjelrmNP13xJ9V5H9LukHM$it0FFNUenhfj8L+k8ezAij2xqs9GEQ1OQLmOKkVvyqM=",
      "last_login": "2021-12-16T01:44:42.164Z",
      "is_superuser": false,
      "username": "test",
      "first_name": "",
      "last_name": "",
      "email": "test@gyana.com",
      "is_staff": false,
      "is_active": true,
      "date_joined": "2021-07-26T14:53:33.713Z",
      "avatar": "",
      "onboarded": true,
      "company_industry": null,
      "company_role": null,
      "company_size": null,
      "source_channel": null,
      "marketing_allowed": false,
      "groups": [],
      "user_permissions": []
    }
  },
  {
    "model": "users.customuser",
    "pk": 2,
    "fields": {
      "password": "pbkdf2_sha256$260000$N2BmQRuSSYGvpQnPKCw9fj$UhUCkfx7qdzWPNYP/XUbi3L4hvP5/7f+N4nmrqTPceM=",
      "last_login": "2022-02-01T15:40:06.603Z",
      "is_superuser": true,
      "username": "admin",
      "first_name": "",
      "last_name": "",
      "email": "admin@gyana.com",
      "is_staff": true,
      "is_active": true,
      "date_joined": "2021-07-27T12:09:25.731Z",
      "avatar": "",
      "onboarded": true,
      "company_industry": null,
      "company_role": null,
      "company_size": null,
      "source_channel": null,
      "marketing_allowed": false,
      "groups": [],
      "user_permissions": []
    }
  },
  {
    "model": "users.customuser",
    "pk": 3,
    "fields": {
      "password": "pbkdf2_sha256$260000$GxH7SNPn0rTyr5oBBwd2th$LoeRmOzRhgkQ2t9Y+SBV6YO6sYFb/b5+vsfZ/KkOuyY=",
      "last_login": "2021-07-27T14:46:12.276Z",
      "is_superuser": false,
      "username": "alone",
      "first_name": "",
      "last_name": "",
      "email": "alone@gyana.com",
      "is_staff": false,
      "is_active": true,
      "date_joined": "2021-07-27T14:46:12.143Z",
      "avatar": "",
      "onboarded": true,
      "company_industry": null,
      "company_role": null,
      "company_size": null,
      "source_channel": null,
      "marketing_allowed": false,
      "groups": [],
      "user_permissions": []
    }
  },
  {
    "model": "users.approvedwaitlistemail",
    "pk": 1,
    "fields": {
      "created": "2021-11-14T00:00:00Z",
      "updated": "2021-11-14T00:00:00Z",
      "email": "waitlist@gyana.com"
    }
  },
  {
    "model": "teams.flag",
    "pk": 1,
    "fields": {
      "name": "beta",
      "everyone": true,
      "percent": null,
      "testing": false,
      "superusers": true,
      "staff": false,
      "authenticated": false,
      "languages": "",
      "rollout": false,
      "note": "",
      "created": "2021-10-04T15:59:32Z",
      "modified": "2021-10-04T15:59:37.292Z",
      "groups": [],
      "users": [],
      "teams": []
    }
  },
  {
    "model": "teams.flag",
    "pk": 2,
    "fields": {
      "name": "templates",
      "everyone": false,
      "percent": null,
      "testing": false,
      "superusers": true,
      "staff": false,
      "authenticated": false,
      "languages": "",
      "rollout": false,
      "note": "",
      "created": "2021-10-13T13:06:32Z",
      "modified": "2021-10-13T13:06:37.292Z",
      "groups": [],
      "users": [],
      "teams": []
    }
  },
  {
    "model": "teams.flag",
    "pk": 3,
    "fields": {
      "name": "alpha",
      "everyone": true,
      "percent": null,
      "testing": false,
      "superusers": true,
      "staff": false,
      "authenticated": false,
      "languages": "",
      "rollout": false,
      "note": "",
      "created": "2021-10-04T15:59:32Z",
      "modified": "2021-10-04T15:59:37.292Z",
      "groups": [],
      "users": [],
      "teams": []
    }
  },
  {
    "model": "teams.team",
    "pk": 1,
    "fields": {
      "created": "2021-07-26T14:53:37.577Z",
      "updated": "2021-12-16T01:46:48.925Z",
      "deleted": null,
      "deleted_by_cascade": false,
      "icon": "",
      "color": "#d1fae5",
      "name": "Vayu",
      "override_row_limit": null,
      "override_credit_limit": null,
      "override_rows_per_integration_limit": null,
      "row_count": 257,
      "row_count_calculated": "2021-12-16T01:46:48.925Z",
      "timezone": "GMT",
      "has_free_trial": false
    }
  },
  {
    "model": "teams.team",
    "pk": 2,
    "fields": {
      "created": "2021-07-26T14:53:37.577Z",
      "updated": "2021-07-26T14:53:37.587Z",
      "deleted": null,
      "deleted_by_cascade": false,
      "icon": "",
      "color": "#ccfbf1",
      "name": "Alone",
      "override_row_limit": null,
      "override_credit_limit": null,
      "override_rows_per_integration_limit": null,
      "row_count": 15,
      "row_count_calculated": null,
      "timezone": "GMT",
      "has_free_trial": false
    }
  },
  {
    "model": "teams.team",
    "pk": 5,
    "fields": {
      "created": "2021-08-30T18:56:05.348Z",
      "updated": "2022-01-06T20:55:49.701Z",
      "deleted": null,
      "deleted_by_cascade": false,
      "icon": "",
      "color": "#f3e8ff",
      "name": "Admin Templates",
      "override_row_limit": null,
      "override_credit_limit": null,
      "override_rows_per_integration_limit": null,
      "row_count": 12943,
      "row_count_calculated": "2021-08-31T00:58:25.986Z",
      "timezone": "GMT",
      "has_free_trial": false
    }
  },
  {
    "model": "teams.team",
    "pk": 6,
    "fields": {
      "created": "2021-11-08T23:50:26.037Z",
      "updated": "2021-11-08T23:50:26.037Z",
      "deleted": null,
      "deleted_by_cascade": false,
      "icon": "",
      "color": "#ede9fe",
      "name": "Billing",
      "override_row_limit": null,
      "override_credit_limit": null,
      "override_rows_per_integration_limit": null,
      "row_count": 0,
      "row_count_calculated": null,
      "timezone": "GMT",
      "has_free_trial": false
    }
  },
  {
    "model": "teams.membership",
    "pk": 1,
    "fields": {
      "created": "2021-07-26T14:53:37.584Z",
      "updated": "2021-07-26T14:53:37.584Z",
      "team": 1,
      "user": 1,
      "role": "admin"
    }
  },
  {
    "model": "teams.membership",
    "pk": 2,
    "fields": {
      "created": "2021-08-30T18:56:05.352Z",
      "updated": "2021-08-30T18:56:05.352Z",
      "team": 5,
      "user": 2,
      "role": "admin"
    }
  },
  {
    "model": "teams.membership",
    "pk": 3,
    "fields": {
      "created": "2021-08-20T13:49:01.950Z",
      "updated": "2021-08-20T13:49:01.950Z",
      "team": 2,
      "user": 3,
      "role": "admin"
    }
  },
  {
    "model": "teams.membership",
    "pk": 4,
    "fields": {
      "created": "2021-11-08T23:50:26.735Z",
      "updated": "2021-11-08T23:50:26.735Z",
      "team": 6,
      "user": 1,
      "role": "admin"
    }
  },
  {
    "model": "projects.project",
    "pk": 1,
    "fields": {
      "created": "2021-07-27T13:14:54.847Z",
      "updated": "2021-12-03T23:55:23.830Z",
      "name": "Cypress test project",
      "team": 1,
      "ready": true,
      "access": "everyone",
      "description": "",
      "daily_schedule_time": "00:00:00",
      "periodic_task": 1
    }
  },
  {
    "model": "projects.project",
    "pk": 2,
    "fields": {
      "created": "2021-08-10T07:28:33.668Z",
      "updated": "2021-08-10T07:28:33.669Z",
      "name": "Nodes",
      "team": 1,
      "ready": true,
      "access": "everyone",
      "description": "",
      "daily_schedule_time": "00:00:00",
      "periodic_task": null
    }
  },
  {
    "model": "projects.project",
    "pk": 6,
    "fields": {
      "created": "2021-08-30T18:56:35.835Z",
      "updated": "2021-08-30T18:56:35.835Z",
      "name": "Google Analytics",
      "team": 5,
      "ready": true,
      "access": "everyone",
      "description": "Two widgets for Google Analytics in a Cypress test.",
      "daily_schedule_time": "00:00:00",
      "periodic_task": null
    }
  },
  {
    "model": "integrations.integration",
    "pk": 1,
    "fields": {
      "created": "2021-07-27T13:17:27.984Z",
      "updated": "2021-12-21T02:00:27.571Z",
      "project": 1,
      "kind": "upload",
      "name": "store_info",
      "state": "done",
      "ready": true,
      "created_ready": "2021-07-27T13:17:27.984Z",
      "created_by": 1,
      "is_scheduled": false
    }
  },
  {
    "model": "integrations.integration",
    "pk": 2,
    "fields": {
      "created": "2021-08-08T20:28:27.809Z",
      "updated": "2021-12-21T02:00:27.571Z",
      "project": 1,
      "kind": "sheet",
      "name": "Store info sheet",
      "state": "done",
      "ready": true,
      "created_ready": "2021-08-08T20:28:27.809Z",
      "created_by": null,
      "is_scheduled": true
    }
  },
  {
    "model": "integrations.integration",
    "pk": 3,
    "fields": {
      "created": "2021-08-10T07:30:01.375Z",
      "updated": "2021-12-21T02:00:27.569Z",
      "project": 2,
      "kind": "upload",
      "name": "store_info",
      "state": "done",
      "ready": true,
      "created_ready": "2021-08-10T07:30:01.375Z",
      "created_by": null,
      "is_scheduled": false
    }
  },
  {
    "model": "integrations.integration",
    "pk": 4,
    "fields": {
      "created": "2021-08-10T07:32:04.937Z",
      "updated": "2021-12-21T02:00:27.568Z",
      "project": 2,
      "kind": "upload",
      "name": "revenue",
      "state": "done",
      "ready": true,
      "created_ready": "2021-08-10T07:32:04.937Z",
      "created_by": null,
      "is_scheduled": false
    }
  },
  {
    "model": "integrations.integration",
    "pk": 5,
    "fields": {
      "created": "2021-08-11T14:07:41.075Z",
      "updated": "2021-12-21T02:00:27.565Z",
      "project": 2,
      "kind": "upload",
      "name": "pivot",
      "state": "done",
      "ready": true,
      "created_ready": "2021-08-11T14:07:41.075Z",
      "created_by": null,
      "is_scheduled": false
    }
  },
  {
    "model": "integrations.integration",
    "pk": 6,
    "fields": {
      "created": "2021-08-10T10:03:16.769Z",
      "updated": "2021-12-21T02:00:27.566Z",
      "project": 1,
      "kind": "connector",
      "name": "Heroku Postgres",
      "state": "update",
      "ready": false,
      "created_ready": "2021-08-10T10:03:16.769Z",
      "created_by": 1,
      "is_scheduled": true
    }
  },
  {
    "model": "integrations.integration",
    "pk": 7,
    "fields": {
      "created": "2021-08-10T10:40:23.584Z",
      "updated": "2021-12-21T02:00:27.567Z",
      "project": 1,
      "kind": "connector",
      "name": "Facebook Ads",
      "state": "update",
      "ready": false,
      "created_ready": "2021-08-10T10:40:23.584Z",
      "created_by": 1,
      "is_scheduled": true
    }
  },
  {
    "model": "integrations.integration",
    "pk": 8,
    "fields": {
      "created": "2021-08-10T10:40:23.584Z",
      "updated": "2021-12-21T02:00:27.567Z",
      "project": 1,
      "kind": "connector",
      "name": "Google Analytics",
      "state": "update",
      "ready": false,
      "created_ready": "2021-08-10T10:40:23.584Z",
      "created_by": 1,
      "is_scheduled": true
    }
  },
  {
    "model": "integrations.integration",
    "pk": 9,
    "fields": {
      "created": "2021-08-10T12:54:44.272Z",
      "updated": "2021-12-21T02:00:27.566Z",
      "project": 1,
      "kind": "connector",
      "name": "Shopify",
      "state": "update",
      "ready": false,
      "created_ready": "2021-08-10T12:54:44.272Z",
      "created_by": 1,
      "is_scheduled": true
    }
  },
  {
    "model": "integrations.integration",
    "pk": 13,
    "fields": {
      "created": "2021-08-30T19:05:46.410Z",
      "updated": "2021-12-21T02:00:27.564Z",
      "project": 6,
      "kind": "connector",
      "name": "Google Analytics",
      "state": "done",
      "ready": true,
      "created_ready": "2021-08-30T19:29:42Z",
      "created_by": 2,
      "is_scheduled": true
    }
  },
  {
    "model": "integrations.integration",
    "pk": 14,
    "fields": {
      "created": "2021-08-31T00:58:18.464Z",
      "updated": "2021-12-21T02:00:27.564Z",
      "project": 6,
      "kind": "upload",
      "name": "store_info",
      "state": "done",
      "ready": true,
      "created_ready": "2021-08-31T00:58:25.975Z",
      "created_by": 2,
      "is_scheduled": false
    }
  },
  {
    "model": "integrations.integration",
    "pk": 15,
    "fields": {
      "created": "2021-12-16T01:46:40.572Z",
      "updated": "2021-12-21T02:00:27.562Z",
      "project": 1,
      "kind": "customapi",
      "name": "JSON todos",
      "state": "done",
      "ready": true,
      "created_ready": "2021-12-16T01:46:48.891Z",
      "created_by": 1,
      "is_scheduled": false
    }
  },
  {
    "model": "workflows.workflow",
    "pk": 1,
    "fields": {
      "created": "2021-08-10T07:31:33.634Z",
      "updated": "2021-09-10T15:59:15.605Z",
      "name": "Untitled",
      "project": 2,
      "state": "incomplete",
      "last_success_run": null,
      "data_updated": "2021-09-10T15:59:15.605Z",
      "is_scheduled": false
    }
  },
  {
    "model": "workflows.workflow",
    "pk": 2,
    "fields": {
      "created": "2021-12-03T23:50:30.046Z",
      "updated": "2021-12-03T23:52:38.243Z",
      "name": "Initial workflow",
      "project": 1,
      "state": "success",
      "last_success_run": 9,
      "data_updated": "2021-12-03T23:52:05.947Z",
      "is_scheduled": true
    }
  },
  {
    "model": "workflows.workflow",
    "pk": 3,
    "fields": {
      "created": "2021-12-03T23:52:42.072Z",
      "updated": "2021-12-03T23:55:15.172Z",
      "name": "Dependent workflow",
      "project": 1,
      "state": "success",
      "last_success_run": 8,
      "data_updated": "2021-12-03T23:54:57.237Z",
      "is_scheduled": true
    }
  },
  {
    "model": "dashboards.dashboard",
    "pk": 1,
    "fields": {
      "created": "2021-08-30T19:29:47.252Z",
      "updated": "2021-08-31T00:59:24.659Z",
      "extra_html_head": null,
      "extra_css": null,
      "preview_by_default": false,
      "grid_size": 15,
      "width": 1200,
      "height": 840,
      "palette_colors": "[\"#5D62B5\", \"#29C3BE\", \"#F2726F\", \"#FFC533\", \"#62B58F\", \"#BC95DF\", \"#67CDF2\"]",
      "background_color": "#ffffff",
      "font_size": 14,
      "font_color": "#6a6b77",
      "font_family": "Roboto",
      "snap_to_grid": true,
      "show_widget_border": true,
      "show_widget_headers": true,
      "widget_header_font_size": 18,
      "widget_background_color": "#ffffff",
      "widget_border_color": "#e6e6e6",
      "widget_border_radius": 5,
      "widget_border_thickness": 1,
      "name": "Basic metrics",
      "project": 6,
      "shared_status": "private",
      "shared_id": null,
      "password": null,
      "password_set": null
    }
  },
  {
    "model": "dashboards.dashboard",
    "pk": 2,
    "fields": {
      "created": "2021-12-14T21:17:52.313Z",
      "updated": "2021-12-14T21:17:58.692Z",
      "extra_html_head": null,
      "extra_css": null,
      "preview_by_default": false,
      "grid_size": 15,
      "width": 1200,
      "height": 840,
      "palette_colors": "[\"#5D62B5\", \"#29C3BE\", \"#F2726F\", \"#FFC533\", \"#62B58F\", \"#BC95DF\", \"#67CDF2\"]",
      "background_color": "#ffffff",
      "font_size": 14,
      "font_color": "#6a6b77",
      "font_family": "Roboto",
      "snap_to_grid": true,
      "show_widget_border": true,
      "show_widget_headers": true,
      "widget_header_font_size": 18,
      "widget_background_color": "#ffffff",
      "widget_border_color": "#e6e6e6",
      "widget_border_radius": 5,
      "widget_border_thickness": 1,
      "name": "Results",
      "project": 1,
      "shared_status": "private",
      "shared_id": null,
      "password": null,
      "password_set": null
    }
  },
  {
    "model": "dashboards.page",
    "pk": 1,
    "fields": {
      "created": "2021-12-13T22:47:57.268Z",
      "updated": "2021-12-13T22:47:57.268Z",
      "name": null,
      "dashboard": 1,
      "position": 1
    }
  },
  {
    "model": "dashboards.page",
    "pk": 2,
    "fields": {
      "created": "2021-12-14T21:17:52.317Z",
      "updated": "2021-12-14T21:17:52.317Z",
      "name": null,
      "dashboard": 2,
      "position": 1
    }
  },
  {
    "model": "widgets.widget",
    "pk": 1,
    "fields": {
      "created": "2021-08-30T19:29:50.988Z",
      "updated": "2021-12-13T22:47:57.507Z",
      "palette_colors": null,
      "background_color": null,
      "show_tooltips": true,
      "font_size": null,
      "font_color": null,
      "currency": null,
      "metric_font_size": null,
      "metric_font_color": null,
      "metric_header_font_size": null,
      "metric_header_font_color": null,
      "metric_comparison_font_size": null,
      "metric_comparison_font_color": null,
      "table_show_header": true,
      "table_hide_data_type": false,
      "table_paginate_by": 15,
      "lower_limit": 0,
      "upper_limit": 100,
      "first_segment_color": null,
      "second_segment_color": null,
      "third_segment_color": null,
      "fourth_segment_color": null,
      "page": 1,
      "table": 12,
      "text_content": null,
      "url": null,
      "image": "",
      "kind": "msline",
      "dimension": "date",
      "part": null,
      "second_dimension": null,
      "name": "Bounce rate and session duration",
      "sort_column": "date",
      "sort_ascending": true,
      "width": 1200,
      "height": 435,
      "x": 0,
      "y": 0,
      "stack_100_percent": false,
      "error": null,
      "date_column": null,
      "show_summary_row": false,
      "compare_previous_period": false,
      "positive_decrease": false
    }
  },
  {
    "model": "widgets.widget",
    "pk": 3,
    "fields": {
      "created": "2021-08-31T00:59:24.656Z",
      "updated": "2021-12-13T22:47:57.505Z",
      "palette_colors": null,
      "background_color": null,
      "show_tooltips": true,
      "font_size": null,
      "font_color": null,
      "currency": null,
      "metric_font_size": null,
      "metric_font_color": null,
      "metric_header_font_size": null,
      "metric_header_font_color": null,
      "metric_comparison_font_size": null,
      "metric_comparison_font_color": null,
      "table_show_header": true,
      "table_hide_data_type": false,
      "table_paginate_by": 15,
      "lower_limit": 0,
      "upper_limit": 100,
      "first_segment_color": null,
      "second_segment_color": null,
      "third_segment_color": null,
      "fourth_segment_color": null,
      "page": 1,
      "table": 19,
      "text_content": null,
      "url": null,
      "image": "",
      "kind": "mscolumn2d",
      "dimension": "Owner",
      "part": null,
      "second_dimension": null,
      "name": "Employees by owner",
      "sort_column": null,
      "sort_ascending": false,
      "width": 1200,
      "height": 405,
      "x": 0,
      "y": 435,
      "stack_100_percent": false,
      "error": null,
      "date_column": null,
      "show_summary_row": false,
      "compare_previous_period": false,
      "positive_decrease": false
    }
  },
  {
    "model": "widgets.widget",
    "pk": 4,
    "fields": {
      "created": "2021-12-14T21:17:58.685Z",
      "updated": "2021-12-14T21:18:07.387Z",
      "palette_colors": null,
      "background_color": null,
      "show_tooltips": true,
      "font_size": null,
      "font_color": null,
      "currency": null,
      "metric_font_size": null,
      "metric_font_color": null,
      "metric_header_font_size": null,
      "metric_header_font_color": null,
      "metric_comparison_font_size": null,
      "metric_comparison_font_color": null,
      "table_show_header": true,
      "table_hide_data_type": false,
      "table_paginate_by": 15,
      "lower_limit": 0,
      "upper_limit": 100,
      "first_segment_color": null,
      "second_segment_color": null,
      "third_segment_color": null,
      "fourth_segment_color": null,
      "page": 2,
      "table": 22,
      "text_content": null,
      "url": null,
      "image": "",
      "kind": "table",
      "dimension": null,
      "part": null,
      "second_dimension": null,
      "name": null,
      "sort_column": null,
      "sort_ascending": true,
      "width": 495,
      "height": 390,
      "x": 0,
      "y": 0,
      "stack_100_percent": false,
      "error": null,
      "date_column": null,
      "show_summary_row": false,
      "compare_previous_period": false,
      "positive_decrease": false
    }
  },
  {
    "model": "filters.filter",
    "pk": 1,
    "fields": {
      "created": "2021-08-11T09:10:46.118Z",
      "updated": "2021-08-11T09:10:46.118Z",
      "widget": null,
      "node": 20,
      "column": "store_id",
      "type": "INTEGER",
      "numeric_predicate": "greaterthan",
      "float_value": null,
      "float_values": null,
      "integer_value": 5,
      "integer_values": null,
      "time_predicate": null,
      "datetime_predicate": null,
      "time_value": null,
      "date_value": null,
      "datetime_value": null,
      "string_predicate": null,
      "string_value": null,
      "string_values": null,
      "bool_predicate": "istrue",
      "struct_predicate": null
    }
  },
  {
    "model": "filters.filter",
    "pk": 2,
    "fields": {
      "created": "2021-12-03T23:51:35.045Z",
      "updated": "2021-12-03T23:51:35.045Z",
      "widget": null,
      "node": 30,
      "column": "Employees",
      "type": "INTEGER",
      "numeric_predicate": "greaterthan",
      "float_value": null,
      "float_values": null,
      "integer_value": 3,
      "integer_values": null,
      "time_predicate": null,
      "datetime_predicate": null,
      "time_value": null,
      "date_value": null,
      "datetime_value": null,
      "string_predicate": null,
      "string_value": null,
      "string_values": null,
      "bool_predicate": "istrue",
      "struct_predicate": null
    }
  },
  {
    "model": "tables.table",
    "pk": 1,
    "fields": {
      "created": "2021-07-27T13:17:23.768Z",
      "updated": "2021-08-22T00:34:00.463Z",
      "name": "upload_000000001",
      "namespace": "cypress_team_000001_tables",
      "project": 1,
      "source": "integration",
      "integration": 1,
      "workflow_node": null,
      "intermediate_node": null,
      "cache_node": null,
      "num_rows": 15,
      "data_updated": "2021-07-27T13:17:27.679Z",
      "copied_from": null
    }
  },
  {
    "model": "tables.table",
    "pk": 2,
    "fields": {
      "created": "2021-08-08T20:28:24.385Z",
      "updated": "2021-08-22T00:34:00.293Z",
      "name": "sheet_000000001",
      "namespace": "cypress_team_000001_tables",
      "project": 1,
      "source": "integration",
      "integration": 2,
      "workflow_node": null,
      "intermediate_node": null,
      "cache_node": null,
      "num_rows": 10,
      "data_updated": "2021-08-08T20:28:27.912Z",
      "copied_from": null
    }
  },
  {
    "model": "tables.table",
    "pk": 3,
    "fields": {
      "created": "2021-08-10T07:30:01.880Z",
      "updated": "2021-08-22T00:34:00.106Z",
      "name": "upload_000000002",
      "namespace": "cypress_team_000001_tables",
      "project": 2,
      "source": "integration",
      "integration": 3,
      "workflow_node": null,
      "intermediate_node": null,
      "cache_node": null,
      "num_rows": 15,
      "data_updated": "2021-08-10T07:30:05.119Z",
      "copied_from": null
    }
  },
  {
    "model": "tables.table",
    "pk": 4,
    "fields": {
      "created": "2021-08-10T07:32:05.091Z",
      "updated": "2021-08-22T00:33:59.900Z",
      "name": "upload_000000003",
      "namespace": "cypress_team_000001_tables",
      "project": 2,
      "source": "integration",
      "integration": 4,
      "workflow_node": null,
      "intermediate_node": null,
      "cache_node": null,
      "num_rows": 15,
      "data_updated": "2021-08-10T07:32:08.896Z",
      "copied_from": null
    }
  },
  {
    "model": "tables.table",
    "pk": 5,
    "fields": {
      "created": "2021-08-11T14:07:41.598Z",
      "updated": "2021-08-22T00:33:59.624Z",
      "name": "upload_000000004",
      "namespace": "cypress_team_000001_tables",
      "project": 2,
      "source": "integration",
      "integration": 5,
      "workflow_node": null,
      "intermediate_node": null,
      "cache_node": null,
      "num_rows": 2,
      "data_updated": "2021-08-11T14:07:44.801Z",
      "copied_from": null
    }
  },
  {
    "model": "tables.table",
    "pk": 9,
    "fields": {
      "created": "2021-08-30T19:29:18.765Z",
      "updated": "2021-08-30T19:29:18.765Z",
      "name": "adwords_campaigns",
      "namespace": "team_1_google_analytics_a95f8dcedfcc48e0b125bc6212291f78",
      "project": 6,
      "source": "integration",
      "integration": 13,
      "workflow_node": null,
      "intermediate_node": null,
      "cache_node": null,
      "num_rows": 204,
      "data_updated": "2021-08-30T19:29:18.765Z",
      "copied_from": null
    }
  },
  {
    "model": "tables.table",
    "pk": 10,
    "fields": {
      "created": "2021-08-30T19:29:18.883Z",
      "updated": "2021-08-30T19:29:18.883Z",
      "name": "adwords_hourly_stats",
      "namespace": "team_1_google_analytics_a95f8dcedfcc48e0b125bc6212291f78",
      "project": 6,
      "source": "integration",
      "integration": 13,
      "workflow_node": null,
      "intermediate_node": null,
      "cache_node": null,
      "num_rows": 4333,
      "data_updated": "2021-08-30T19:29:18.883Z",
      "copied_from": null
    }
  },
  {
    "model": "tables.table",
    "pk": 11,
    "fields": {
      "created": "2021-08-30T19:29:18.996Z",
      "updated": "2021-08-30T19:29:18.996Z",
      "name": "adwords_keyword",
      "namespace": "team_1_google_analytics_a95f8dcedfcc48e0b125bc6212291f78",
      "project": 6,
      "source": "integration",
      "integration": 13,
      "workflow_node": null,
      "intermediate_node": null,
      "cache_node": null,
      "num_rows": 423,
      "data_updated": "2021-08-30T19:29:18.996Z",
      "copied_from": null
    }
  },
  {
    "model": "tables.table",
    "pk": 12,
    "fields": {
      "created": "2021-08-30T19:29:19.102Z",
      "updated": "2021-08-30T19:29:19.102Z",
      "name": "audience_overview",
      "namespace": "team_1_google_analytics_a95f8dcedfcc48e0b125bc6212291f78",
      "project": 6,
      "source": "integration",
      "integration": 13,
      "workflow_node": null,
      "intermediate_node": null,
      "cache_node": null,
      "num_rows": 204,
      "data_updated": "2021-08-30T19:29:19.102Z",
      "copied_from": null
    }
  },
  {
    "model": "tables.table",
    "pk": 13,
    "fields": {
      "created": "2021-08-30T19:29:19.199Z",
      "updated": "2021-08-30T19:29:19.199Z",
      "name": "browser_and_operating_system_overview",
      "namespace": "team_1_google_analytics_a95f8dcedfcc48e0b125bc6212291f78",
      "project": 6,
      "source": "integration",
      "integration": 13,
      "workflow_node": null,
      "intermediate_node": null,
      "cache_node": null,
      "num_rows": 2415,
      "data_updated": "2021-08-30T19:29:19.199Z",
      "copied_from": null
    }
  },
  {
    "model": "tables.table",
    "pk": 14,
    "fields": {
      "created": "2021-08-30T19:29:19.317Z",
      "updated": "2021-08-30T19:29:19.317Z",
      "name": "campaign_performance",
      "namespace": "team_1_google_analytics_a95f8dcedfcc48e0b125bc6212291f78",
      "project": 6,
      "source": "integration",
      "integration": 13,
      "workflow_node": null,
      "intermediate_node": null,
      "cache_node": null,
      "num_rows": 351,
      "data_updated": "2021-08-30T19:29:19.317Z",
      "copied_from": null
    }
  },
  {
    "model": "tables.table",
    "pk": 15,
    "fields": {
      "created": "2021-08-30T19:29:19.414Z",
      "updated": "2021-08-30T19:29:19.414Z",
      "name": "channel_traffic",
      "namespace": "team_1_google_analytics_a95f8dcedfcc48e0b125bc6212291f78",
      "project": 6,
      "source": "integration",
      "integration": 13,
      "workflow_node": null,
      "intermediate_node": null,
      "cache_node": null,
      "num_rows": 907,
      "data_updated": "2021-08-30T19:29:19.414Z",
      "copied_from": null
    }
  },
  {
    "model": "tables.table",
    "pk": 16,
    "fields": {
      "created": "2021-08-30T19:29:19.512Z",
      "updated": "2021-08-30T19:29:19.512Z",
      "name": "events_overview",
      "namespace": "team_1_google_analytics_a95f8dcedfcc48e0b125bc6212291f78",
      "project": 6,
      "source": "integration",
      "integration": 13,
      "workflow_node": null,
      "intermediate_node": null,
      "cache_node": null,
      "num_rows": 257,
      "data_updated": "2021-08-30T19:29:19.513Z",
      "copied_from": null
    }
  },
  {
    "model": "tables.table",
    "pk": 17,
    "fields": {
      "created": "2021-08-30T19:29:19.579Z",
      "updated": "2021-08-30T19:29:19.579Z",
      "name": "social_media_acquisitions",
      "namespace": "team_1_google_analytics_a95f8dcedfcc48e0b125bc6212291f78",
      "project": 6,
      "source": "integration",
      "integration": 13,
      "workflow_node": null,
      "intermediate_node": null,
      "cache_node": null,
      "num_rows": 589,
      "data_updated": "2021-08-30T19:29:19.579Z",
      "copied_from": null
    }
  },
  {
    "model": "tables.table",
    "pk": 18,
    "fields": {
      "created": "2021-08-30T19:29:19.676Z",
      "updated": "2021-08-30T19:29:19.676Z",
      "name": "traffic",
      "namespace": "team_1_google_analytics_a95f8dcedfcc48e0b125bc6212291f78",
      "project": 6,
      "source": "integration",
      "integration": 13,
      "workflow_node": null,
      "intermediate_node": null,
      "cache_node": null,
      "num_rows": 3245,
      "data_updated": "2021-08-30T19:29:19.676Z",
      "copied_from": null
    }
  },
  {
    "model": "tables.table",
    "pk": 19,
    "fields": {
      "created": "2021-08-31T00:58:20.605Z",
      "updated": "2021-08-31T00:58:23.826Z",
      "name": "upload_000000006",
      "namespace": "cypress_team_000005_tables",
      "project": 6,
      "source": "integration",
      "integration": 14,
      "workflow_node": null,
      "intermediate_node": null,
      "cache_node": null,
      "num_rows": 15,
      "data_updated": "2021-08-31T00:58:23.746Z",
      "copied_from": null
    }
  },
  {
    "model": "tables.table",
    "pk": 20,
    "fields": {
      "created": "2021-12-03T23:51:57.193Z",
      "updated": "2021-12-03T23:51:58.995Z",
      "name": "intermediate_node_000000031",
      "namespace": "cypress_team_000001_tables",
      "project": 1,
      "source": "intermediate_node",
      "integration": null,
      "workflow_node": null,
      "intermediate_node": 31,
      "cache_node": null,
      "num_rows": 0,
      "data_updated": "2021-12-03T23:51:58.995Z",
      "copied_from": null
    }
  },
  {
    "model": "tables.table",
    "pk": 21,
    "fields": {
      "created": "2021-12-03T23:52:56.929Z",
      "updated": "2021-12-03T23:52:58.711Z",
      "name": "output_node_000000029",
      "namespace": "cypress_team_000001_tables",
      "project": 1,
      "source": "workflow_node",
      "integration": null,
      "workflow_node": 29,
      "intermediate_node": null,
      "cache_node": null,
      "num_rows": 0,
      "data_updated": "2021-12-03T23:52:58.711Z",
      "copied_from": null
    }
  },
  {
    "model": "tables.table",
    "pk": 22,
    "fields": {
      "created": "2021-12-03T23:55:09.737Z",
      "updated": "2021-12-03T23:55:11.723Z",
      "name": "output_node_000000035",
      "namespace": "cypress_team_000001_tables",
      "project": 1,
      "source": "workflow_node",
      "integration": null,
      "workflow_node": 35,
      "intermediate_node": null,
      "cache_node": null,
      "num_rows": 0,
      "data_updated": "2021-12-03T23:55:11.723Z",
      "copied_from": null
    }
  },
  {
    "model": "tables.table",
    "pk": 23,
    "fields": {
      "created": "2021-12-16T01:46:43.181Z",
      "updated": "2021-12-16T01:46:45.982Z",
      "name": "customapi_000000001",
      "namespace": "cypress_team_000001_tables",
      "project": 1,
      "source": "integration",
      "integration": 15,
      "workflow_node": null,
      "intermediate_node": null,
      "cache_node": null,
      "num_rows": 200,
      "data_updated": "2021-12-16T01:46:44.986Z",
      "copied_from": null
    }
  },
  {
    "model": "invites.invite",
    "pk": 1,
    "fields": {
      "accepted": true,
      "key": "ygr7agub5cippprocdbilirifuxzikuzrifk3cjur0pbdlovqv7mym5loz8mgtsm",
      "sent": "2021-07-29T09:32:54.990Z",
      "inviter": 1,
      "email": "member@gyana.com",
      "team": 1,
      "role": "member",
      "created": "2021-07-29T09:32:54.971Z",
      "updated": "2021-07-29T09:33:49.004Z"
    }
  },
  {
    "model": "nodes.node",
    "pk": 1,
    "fields": {
      "created": "2021-08-10T07:31:39.014Z",
      "updated": "2021-08-10T07:35:39.877Z",
      "workflow": 1,
      "name": null,
      "kind": "input",
      "x": 130.00011639037822,
      "y": 1785.0,
      "data_updated": "2021-08-10T07:35:39.873Z",
      "error": null,
      "input_table": 3,
      "select_mode": "keep",
      "union_distinct": false,
      "limit_limit": 100,
      "limit_offset": null,
      "text_text": null,
      "pivot_index": null,
      "pivot_column": null,
      "pivot_value": null,
      "pivot_aggregation": null,
      "unpivot_value": null,
      "unpivot_column": null,
      "has_been_saved": false
    }
  },
  {
    "model": "nodes.node",
    "pk": 2,
    "fields": {
      "created": "2021-08-10T07:31:49.994Z",
      "updated": "2021-08-10T07:32:53.406Z",
      "workflow": 1,
      "name": null,
      "kind": "output",
      "x": 430.0005699766216,
      "y": 0.0,
      "data_updated": "2021-08-10T07:32:53.404Z",
      "error": null,
      "input_table": null,
      "select_mode": "keep",
      "union_distinct": false,
      "limit_limit": 100,
      "limit_offset": null,
      "text_text": null,
      "pivot_index": null,
      "pivot_column": null,
      "pivot_value": null,
      "pivot_aggregation": null,
      "unpivot_value": null,
      "unpivot_column": null,
      "has_been_saved": false
    }
  },
  {
    "model": "nodes.node",
    "pk": 3,
    "fields": {
      "created": "2021-08-10T07:32:58.092Z",
      "updated": "2021-08-10T07:33:00.909Z",
      "workflow": 1,
      "name": null,
      "kind": "select",
      "x": 430.00062057043004,
      "y": 210.0,
      "data_updated": "2021-08-10T07:33:00.907Z",
      "error": null,
      "input_table": null,
      "select_mode": "keep",
      "union_distinct": false,
      "limit_limit": 100,
      "limit_offset": null,
      "text_text": null,
      "pivot_index": null,
      "pivot_column": null,
      "pivot_value": null,
      "pivot_aggregation": null,
      "unpivot_value": null,
      "unpivot_column": null,
      "has_been_saved": false
    }
  },
  {
    "model": "nodes.node",
    "pk": 4,
    "fields": {
      "created": "2021-08-10T07:33:08.633Z",
      "updated": "2021-08-10T07:33:11.853Z",
      "workflow": 1,
      "name": null,
      "kind": "aggregation",
      "x": 430.0009298366165,
      "y": 420.0,
      "data_updated": "2021-08-10T07:33:11.851Z",
      "error": null,
      "input_table": null,
      "select_mode": "keep",
      "union_distinct": false,
      "limit_limit": 100,
      "limit_offset": null,
      "text_text": null,
      "pivot_index": null,
      "pivot_column": null,
      "pivot_value": null,
      "pivot_aggregation": null,
      "unpivot_value": null,
      "unpivot_column": null,
      "has_been_saved": false
    }
  },
  {
    "model": "nodes.node",
    "pk": 5,
    "fields": {
      "created": "2021-08-10T07:33:18.823Z",
      "updated": "2021-08-10T07:33:28.498Z",
      "workflow": 1,
      "name": null,
      "kind": "sort",
      "x": 430.00033186496984,
      "y": 630.0,
      "data_updated": "2021-08-10T07:33:28.495Z",
      "error": null,
      "input_table": null,
      "select_mode": "keep",
      "union_distinct": false,
      "limit_limit": 100,
      "limit_offset": null,
      "text_text": null,
      "pivot_index": null,
      "pivot_column": null,
      "pivot_value": null,
      "pivot_aggregation": null,
      "unpivot_value": null,
      "unpivot_column": null,
      "has_been_saved": false
    }
  },
  {
    "model": "nodes.node",
    "pk": 6,
    "fields": {
      "created": "2021-08-10T07:33:21.412Z",
      "updated": "2021-08-10T07:33:32.042Z",
      "workflow": 1,
      "name": null,
      "kind": "limit",
      "x": 430.0009017982912,
      "y": 840.0,
      "data_updated": "2021-08-10T07:33:32.039Z",
      "error": null,
      "input_table": null,
      "select_mode": "keep",
      "union_distinct": false,
      "limit_limit": 100,
      "limit_offset": null,
      "text_text": null,
      "pivot_index": null,
      "pivot_column": null,
      "pivot_value": null,
      "pivot_aggregation": null,
      "unpivot_value": null,
      "unpivot_column": null,
      "has_been_saved": false
    }
  },
  {
    "model": "nodes.node",
    "pk": 7,
    "fields": {
      "created": "2021-08-10T07:33:35.104Z",
      "updated": "2021-08-10T07:33:38.806Z",
      "workflow": 1,
      "name": null,
      "kind": "filter",
      "x": 430.0001337612346,
      "y": 1050.0,
      "data_updated": "2021-08-10T07:33:38.804Z",
      "error": null,
      "input_table": null,
      "select_mode": "keep",
      "union_distinct": false,
      "limit_limit": 100,
      "limit_offset": null,
      "text_text": null,
      "pivot_index": null,
      "pivot_column": null,
      "pivot_value": null,
      "pivot_aggregation": null,
      "unpivot_value": null,
      "unpivot_column": null,
      "has_been_saved": false
    }
  },
  {
    "model": "nodes.node",
    "pk": 8,
    "fields": {
      "created": "2021-08-10T07:33:43.482Z",
      "updated": "2021-08-10T07:33:48.305Z",
      "workflow": 1,
      "name": null,
      "kind": "distinct",
      "x": 430.000534799492,
      "y": 1260.0,
      "data_updated": "2021-08-10T07:33:48.302Z",
      "error": null,
      "input_table": null,
      "select_mode": "keep",
      "union_distinct": false,
      "limit_limit": 100,
      "limit_offset": null,
      "text_text": null,
      "pivot_index": null,
      "pivot_column": null,
      "pivot_value": null,
      "pivot_aggregation": null,
      "unpivot_value": null,
      "unpivot_column": null,
      "has_been_saved": false
    }
  },
  {
    "model": "nodes.node",
    "pk": 9,
    "fields": {
      "created": "2021-08-10T07:33:54.419Z",
      "updated": "2021-08-10T07:33:58.373Z",
      "workflow": 1,
      "name": null,
      "kind": "pivot",
      "x": 430.00084323447805,
      "y": 1470.0,
      "data_updated": "2021-08-10T07:33:58.371Z",
      "error": null,
      "input_table": null,
      "select_mode": "keep",
      "union_distinct": false,
      "limit_limit": 100,
      "limit_offset": null,
      "text_text": null,
      "pivot_index": null,
      "pivot_column": null,
      "pivot_value": null,
      "pivot_aggregation": null,
      "unpivot_value": null,
      "unpivot_column": null,
      "has_been_saved": false
    }
  },
  {
    "model": "nodes.node",
    "pk": 11,
    "fields": {
      "created": "2021-08-10T07:34:30.965Z",
      "updated": "2021-08-10T07:34:34.624Z",
      "workflow": 1,
      "name": null,
      "kind": "edit",
      "x": 430.0009750129761,
      "y": 1680.0,
      "data_updated": "2021-08-10T07:34:34.622Z",
      "error": null,
      "input_table": null,
      "select_mode": "keep",
      "union_distinct": false,
      "limit_limit": 100,
      "limit_offset": null,
      "text_text": null,
      "pivot_index": null,
      "pivot_column": null,
      "pivot_value": null,
      "pivot_aggregation": null,
      "unpivot_value": null,
      "unpivot_column": null,
      "has_been_saved": false
    }
  },
  {
    "model": "nodes.node",
    "pk": 12,
    "fields": {
      "created": "2021-08-10T07:34:40.253Z",
      "updated": "2021-08-10T07:34:44.739Z",
      "workflow": 1,
      "name": null,
      "kind": "add",
      "x": 430.00041661563745,
      "y": 1890.0,
      "data_updated": "2021-08-10T07:34:44.737Z",
      "error": null,
      "input_table": null,
      "select_mode": "keep",
      "union_distinct": false,
      "limit_limit": 100,
      "limit_offset": null,
      "text_text": null,
      "pivot_index": null,
      "pivot_column": null,
      "pivot_value": null,
      "pivot_aggregation": null,
      "unpivot_value": null,
      "unpivot_column": null,
      "has_been_saved": false
    }
  },
  {
    "model": "nodes.node",
    "pk": 13,
    "fields": {
      "created": "2021-08-10T07:34:47.451Z",
      "updated": "2021-08-10T07:34:53.035Z",
      "workflow": 1,
      "name": null,
      "kind": "rename",
      "x": 430.00085241547646,
      "y": 2100.0,
      "data_updated": "2021-08-10T07:34:53.033Z",
      "error": null,
      "input_table": null,
      "select_mode": "keep",
      "union_distinct": false,
      "limit_limit": 100,
      "limit_offset": null,
      "text_text": null,
      "pivot_index": null,
      "pivot_column": null,
      "pivot_value": null,
      "pivot_aggregation": null,
      "unpivot_value": null,
      "unpivot_column": null,
      "has_been_saved": false
    }
  },
  {
    "model": "nodes.node",
    "pk": 14,
    "fields": {
      "created": "2021-08-10T07:34:55.755Z",
      "updated": "2021-08-10T07:34:59.053Z",
      "workflow": 1,
      "name": null,
      "kind": "formula",
      "x": 430.00021124691074,
      "y": 2310.0,
      "data_updated": "2021-08-10T07:34:59.051Z",
      "error": null,
      "input_table": null,
      "select_mode": "keep",
      "union_distinct": false,
      "limit_limit": 100,
      "limit_offset": null,
      "text_text": null,
      "pivot_index": null,
      "pivot_column": null,
      "pivot_value": null,
      "pivot_aggregation": null,
      "unpivot_value": null,
      "unpivot_column": null,
      "has_been_saved": false
    }
  },
  {
    "model": "nodes.node",
    "pk": 15,
    "fields": {
      "created": "2021-08-10T07:35:01.558Z",
      "updated": "2021-08-10T07:35:05.058Z",
      "workflow": 1,
      "name": null,
      "kind": "window",
      "x": 430.0009306961309,
      "y": 2520.0,
      "data_updated": "2021-08-10T07:35:05.055Z",
      "error": null,
      "input_table": null,
      "select_mode": "keep",
      "union_distinct": false,
      "limit_limit": 100,
      "limit_offset": null,
      "text_text": null,
      "pivot_index": null,
      "pivot_column": null,
      "pivot_value": null,
      "pivot_aggregation": null,
      "unpivot_value": null,
      "unpivot_column": null,
      "has_been_saved": false
    }
  },
  {
    "model": "nodes.node",
    "pk": 16,
    "fields": {
      "created": "2021-08-10T07:35:08.678Z",
      "updated": "2021-08-10T07:35:19.540Z",
      "workflow": 1,
      "name": null,
      "kind": "text",
      "x": 0.0006686374486851318,
      "y": 3017.5,
      "data_updated": null,
      "error": null,
      "input_table": null,
      "select_mode": "keep",
      "union_distinct": false,
      "limit_limit": 100,
      "limit_offset": null,
      "text_text": null,
      "pivot_index": null,
      "pivot_column": null,
      "pivot_value": null,
      "pivot_aggregation": null,
      "unpivot_value": null,
      "unpivot_column": null,
      "has_been_saved": false
    }
  },
  {
    "model": "nodes.node",
    "pk": 17,
    "fields": {
      "created": "2021-08-10T07:35:33.088Z",
      "updated": "2021-08-10T07:35:44.792Z",
      "workflow": 1,
      "name": null,
      "kind": "input",
      "x": 130.00091386993816,
      "y": 3267.5,
      "data_updated": "2021-08-10T07:35:44.789Z",
      "error": null,
      "input_table": 4,
      "select_mode": "keep",
      "union_distinct": false,
      "limit_limit": 100,
      "limit_offset": null,
      "text_text": null,
      "pivot_index": null,
      "pivot_column": null,
      "pivot_value": null,
      "pivot_aggregation": null,
      "unpivot_value": null,
      "unpivot_column": null,
      "has_been_saved": false
    }
  },
  {
    "model": "nodes.node",
    "pk": 18,
    "fields": {
      "created": "2021-08-10T07:35:50.306Z",
      "updated": "2021-08-10T07:36:58.312Z",
      "workflow": 1,
      "name": null,
      "kind": "join",
      "x": 430.0004437892676,
      "y": 3017.5,
      "data_updated": "2021-08-10T07:36:58.310Z",
      "error": null,
      "input_table": null,
      "select_mode": "keep",
      "union_distinct": false,
      "limit_limit": 100,
      "limit_offset": null,
      "text_text": null,
      "pivot_index": null,
      "pivot_column": null,
      "pivot_value": null,
      "pivot_aggregation": null,
      "unpivot_value": null,
      "unpivot_column": null,
      "has_been_saved": false
    }
  },
  {
    "model": "nodes.node",
    "pk": 19,
    "fields": {
      "created": "2021-08-10T07:36:32.246Z",
      "updated": "2021-08-10T07:36:32.247Z",
      "workflow": 1,
      "name": null,
      "kind": "input",
      "x": 130.00054088521847,
      "y": 3477.5,
      "data_updated": null,
      "error": null,
      "input_table": null,
      "select_mode": "keep",
      "union_distinct": false,
      "limit_limit": 100,
      "limit_offset": null,
      "text_text": null,
      "pivot_index": null,
      "pivot_column": null,
      "pivot_value": null,
      "pivot_aggregation": null,
      "unpivot_value": null,
      "unpivot_column": null,
      "has_been_saved": false
    }
  },
  {
    "model": "nodes.node",
    "pk": 20,
    "fields": {
      "created": "2021-08-11T09:10:15.616Z",
      "updated": "2021-08-11T09:14:29.745Z",
      "workflow": 1,
      "name": null,
      "kind": "filter",
      "x": 430.00010229335805,
      "y": 2730.0,
      "data_updated": "2021-08-11T09:10:46.114Z",
      "error": null,
      "input_table": null,
      "select_mode": "keep",
      "union_distinct": false,
      "limit_limit": 100,
      "limit_offset": null,
      "text_text": null,
      "pivot_index": null,
      "pivot_column": null,
      "pivot_value": null,
      "pivot_aggregation": null,
      "unpivot_value": null,
      "unpivot_column": null,
      "has_been_saved": false
    }
  },
  {
    "model": "nodes.node",
    "pk": 21,
    "fields": {
      "created": "2021-08-11T09:14:32.857Z",
      "updated": "2021-08-11T09:14:41.227Z",
      "workflow": 1,
      "name": null,
      "kind": "union",
      "x": 600.0001959821742,
      "y": 2662.5,
      "data_updated": "2021-08-11T09:14:41.225Z",
      "error": null,
      "input_table": null,
      "select_mode": "keep",
      "union_distinct": false,
      "limit_limit": 100,
      "limit_offset": null,
      "text_text": null,
      "pivot_index": null,
      "pivot_column": null,
      "pivot_value": null,
      "pivot_aggregation": null,
      "unpivot_value": null,
      "unpivot_column": null,
      "has_been_saved": false
    }
  },
  {
    "model": "nodes.node",
    "pk": 22,
    "fields": {
      "created": "2021-08-11T12:38:17.873Z",
      "updated": "2021-08-11T12:41:29.069Z",
      "workflow": 1,
      "name": null,
      "kind": "intersect",
      "x": 600.0000428308412,
      "y": 2872.5,
      "data_updated": "2021-08-11T12:41:29.066Z",
      "error": null,
      "input_table": null,
      "select_mode": "keep",
      "union_distinct": false,
      "limit_limit": 100,
      "limit_offset": null,
      "text_text": null,
      "pivot_index": null,
      "pivot_column": null,
      "pivot_value": null,
      "pivot_aggregation": null,
      "unpivot_value": null,
      "unpivot_column": null,
      "has_been_saved": false
    }
  },
  {
    "model": "nodes.node",
    "pk": 23,
    "fields": {
      "created": "2021-08-11T14:08:02.486Z",
      "updated": "2021-08-11T14:08:10.386Z",
      "workflow": 1,
      "name": null,
      "kind": "input",
      "x": 130.00043579212917,
      "y": 3687.5,
      "data_updated": "2021-08-11T14:08:10.382Z",
      "error": null,
      "input_table": 5,
      "select_mode": "keep",
      "union_distinct": false,
      "limit_limit": 100,
      "limit_offset": null,
      "text_text": null,
      "pivot_index": null,
      "pivot_column": null,
      "pivot_value": null,
      "pivot_aggregation": null,
      "unpivot_value": null,
      "unpivot_column": null,
      "has_been_saved": false
    }
  },
  {
    "model": "nodes.node",
    "pk": 24,
    "fields": {
      "created": "2021-08-11T14:08:06.112Z",
      "updated": "2021-08-11T14:08:13.417Z",
      "workflow": 1,
      "name": null,
      "kind": "unpivot",
      "x": 430.00059266638146,
      "y": 3687.5,
      "data_updated": "2021-08-11T14:08:13.415Z",
      "error": null,
      "input_table": null,
      "select_mode": "keep",
      "union_distinct": false,
      "limit_limit": 100,
      "limit_offset": null,
      "text_text": null,
      "pivot_index": null,
      "pivot_column": null,
      "pivot_value": null,
      "pivot_aggregation": null,
      "unpivot_value": null,
      "unpivot_column": null,
      "has_been_saved": false
    }
  },
  {
    "model": "nodes.node",
    "pk": 25,
    "fields": {
      "created": "2021-08-13T09:02:28.471Z",
      "updated": "2021-08-13T09:02:28.471Z",
      "workflow": 1,
      "name": null,
      "kind": "aggregation",
      "x": 130.00060000436088,
      "y": 3897.5,
      "data_updated": null,
      "error": null,
      "input_table": null,
      "select_mode": "keep",
      "union_distinct": false,
      "limit_limit": 100,
      "limit_offset": null,
      "text_text": null,
      "pivot_index": null,
      "pivot_column": null,
      "pivot_value": null,
      "pivot_aggregation": null,
      "unpivot_value": null,
      "unpivot_column": null,
      "has_been_saved": false
    }
  },
  {
    "model": "nodes.node",
    "pk": 26,
    "fields": {
      "created": "2021-09-10T15:59:04.409Z",
      "updated": "2021-09-10T15:59:15.610Z",
      "workflow": 1,
      "name": null,
      "kind": "except",
      "x": 600.000137241146,
      "y": 3082.5,
      "data_updated": "2021-09-10T15:59:15.605Z",
      "error": null,
      "input_table": null,
      "select_mode": "keep",
      "union_distinct": false,
      "limit_limit": 100,
      "limit_offset": null,
      "text_text": null,
      "pivot_index": null,
      "pivot_column": null,
      "pivot_value": null,
      "pivot_aggregation": null,
      "unpivot_value": null,
      "unpivot_column": null,
      "has_been_saved": false
    }
  },
  {
    "model": "nodes.node",
    "pk": 27,
    "fields": {
      "created": "2021-12-03T23:50:48.947Z",
      "updated": "2021-12-03T23:52:11.701Z",
      "workflow": 2,
      "name": "Store info sheet",
      "kind": "input",
      "x": 0.0002399768031052987,
      "y": 105.0,
      "data_updated": "2021-12-03T23:51:10.224Z",
      "error": null,
      "input_table": 2,
      "select_mode": "keep",
      "union_distinct": false,
      "limit_limit": 100,
      "limit_offset": null,
      "text_text": null,
      "pivot_index": null,
      "pivot_column": null,
      "pivot_value": null,
      "pivot_aggregation": null,
      "unpivot_value": null,
      "unpivot_column": null,
      "has_been_saved": true
    }
  },
  {
    "model": "nodes.node",
    "pk": 29,
    "fields": {
      "created": "2021-12-03T23:50:57.390Z",
      "updated": "2021-12-03T23:52:16.372Z",
      "workflow": 2,
      "name": "Pivoted",
      "kind": "output",
      "x": 510.00023348711096,
      "y": 105.0,
      "data_updated": "2021-12-03T23:52:05.946Z",
      "error": null,
      "input_table": null,
      "select_mode": "keep",
      "union_distinct": false,
      "limit_limit": 100,
      "limit_offset": null,
      "text_text": null,
      "pivot_index": null,
      "pivot_column": null,
      "pivot_value": null,
      "pivot_aggregation": null,
      "unpivot_value": null,
      "unpivot_column": null,
      "has_been_saved": false
    }
  },
  {
    "model": "nodes.node",
    "pk": 30,
    "fields": {
      "created": "2021-12-03T23:51:17.188Z",
      "updated": "2021-12-03T23:51:37.580Z",
      "workflow": 2,
      "name": null,
      "kind": "filter",
      "x": 170.00004036749016,
      "y": 210.0,
      "data_updated": "2021-12-03T23:51:35.037Z",
      "error": null,
      "input_table": null,
      "select_mode": "keep",
      "union_distinct": false,
      "limit_limit": 100,
      "limit_offset": null,
      "text_text": null,
      "pivot_index": null,
      "pivot_column": null,
      "pivot_value": null,
      "pivot_aggregation": null,
      "unpivot_value": null,
      "unpivot_column": null,
      "has_been_saved": true
    }
  },
  {
    "model": "nodes.node",
    "pk": 31,
    "fields": {
      "created": "2021-12-03T23:51:41.546Z",
      "updated": "2021-12-03T23:52:01.739Z",
      "workflow": 2,
      "name": null,
      "kind": "pivot",
      "x": 340.000304190932,
      "y": 210.0,
      "data_updated": "2021-12-03T23:51:58.991Z",
      "error": null,
      "input_table": null,
      "select_mode": "keep",
      "union_distinct": false,
      "limit_limit": 100,
      "limit_offset": null,
      "text_text": null,
      "pivot_index": "Location",
      "pivot_column": "Owner",
      "pivot_value": "Employees",
      "pivot_aggregation": "sum",
      "unpivot_value": null,
      "unpivot_column": null,
      "has_been_saved": true
    }
  },
  {
    "model": "nodes.node",
    "pk": 32,
    "fields": {
      "created": "2021-12-03T23:52:47.542Z",
      "updated": "2021-12-03T23:53:14.145Z",
      "workflow": 3,
      "name": "Pivoted",
      "kind": "input",
      "x": 0.00013261587996916924,
      "y": 420.0,
      "data_updated": "2021-12-03T23:53:05.623Z",
      "error": null,
      "input_table": 21,
      "select_mode": "keep",
      "union_distinct": false,
      "limit_limit": 100,
      "limit_offset": null,
      "text_text": null,
      "pivot_index": null,
      "pivot_column": null,
      "pivot_value": null,
      "pivot_aggregation": null,
      "unpivot_value": null,
      "unpivot_column": null,
      "has_been_saved": true
    }
  },
  {
    "model": "nodes.node",
    "pk": 34,
    "fields": {
      "created": "2021-12-03T23:53:49.589Z",
      "updated": "2021-12-03T23:54:51.921Z",
      "workflow": 3,
      "name": null,
      "kind": "formula",
      "x": 170.00030118870623,
      "y": 420.0,
      "data_updated": "2021-12-03T23:54:48.739Z",
      "error": null,
      "input_table": null,
      "select_mode": "keep",
      "union_distinct": false,
      "limit_limit": 100,
      "limit_offset": null,
      "text_text": null,
      "pivot_index": null,
      "pivot_column": null,
      "pivot_value": null,
      "pivot_aggregation": null,
      "unpivot_value": null,
      "unpivot_column": null,
      "has_been_saved": true
    }
  },
  {
    "model": "nodes.node",
    "pk": 35,
    "fields": {
      "created": "2021-12-03T23:54:54.642Z",
      "updated": "2021-12-03T23:55:06.001Z",
      "workflow": 3,
      "name": "Coalesced",
      "kind": "output",
      "x": 340.0002430063872,
      "y": 420.0,
      "data_updated": "2021-12-03T23:54:57.237Z",
      "error": null,
      "input_table": null,
      "select_mode": "keep",
      "union_distinct": false,
      "limit_limit": 100,
      "limit_offset": null,
      "text_text": null,
      "pivot_index": null,
      "pivot_column": null,
      "pivot_value": null,
      "pivot_aggregation": null,
      "unpivot_value": null,
      "unpivot_column": null,
      "has_been_saved": false
    }
  },
  {
    "model": "nodes.edge",
    "pk": 1,
    "fields": {
      "created": "2021-08-10T07:31:49.994Z",
      "updated": "2021-08-10T07:32:53.406Z",
      "child": 2,
      "parent": 1,
      "position": 0
    }
  },
  {
    "model": "nodes.edge",
    "pk": 2,
    "fields": {
      "created": "2021-08-10T07:32:58.092Z",
      "updated": "2021-08-10T07:33:00.909Z",
      "child": 3,
      "parent": 1,
      "position": 0
    }
  },
  {
    "model": "nodes.edge",
    "pk": 3,
    "fields": {
      "created": "2021-08-10T07:33:08.633Z",
      "updated": "2021-08-10T07:33:11.853Z",
      "child": 4,
      "parent": 1,
      "position": 0
    }
  },
  {
    "model": "nodes.edge",
    "pk": 4,
    "fields": {
      "created": "2021-08-10T07:33:18.823Z",
      "updated": "2021-08-10T07:33:28.498Z",
      "child": 5,
      "parent": 1,
      "position": 0
    }
  },
  {
    "model": "nodes.edge",
    "pk": 5,
    "fields": {
      "created": "2021-08-10T07:33:21.412Z",
      "updated": "2021-08-10T07:33:32.042Z",
      "child": 6,
      "parent": 1,
      "position": 0
    }
  },
  {
    "model": "nodes.edge",
    "pk": 6,
    "fields": {
      "created": "2021-08-10T07:33:35.104Z",
      "updated": "2021-08-10T07:33:38.806Z",
      "child": 7,
      "parent": 1,
      "position": 0
    }
  },
  {
    "model": "nodes.edge",
    "pk": 7,
    "fields": {
      "created": "2021-08-10T07:33:43.482Z",
      "updated": "2021-08-10T07:33:48.305Z",
      "child": 8,
      "parent": 1,
      "position": 0
    }
  },
  {
    "model": "nodes.edge",
    "pk": 8,
    "fields": {
      "created": "2021-08-10T07:33:54.419Z",
      "updated": "2021-08-10T07:33:58.373Z",
      "child": 9,
      "parent": 1,
      "position": 0
    }
  },
  {
    "model": "nodes.edge",
    "pk": 9,
    "fields": {
      "created": "2021-08-10T07:34:30.965Z",
      "updated": "2021-08-10T07:34:34.624Z",
      "child": 11,
      "parent": 1,
      "position": 0
    }
  },
  {
    "model": "nodes.edge",
    "pk": 10,
    "fields": {
      "created": "2021-08-10T07:34:40.253Z",
      "updated": "2021-08-10T07:34:44.739Z",
      "child": 12,
      "parent": 1,
      "position": 0
    }
  },
  {
    "model": "nodes.edge",
    "pk": 11,
    "fields": {
      "created": "2021-08-10T07:34:47.451Z",
      "updated": "2021-08-10T07:34:53.035Z",
      "child": 13,
      "parent": 1,
      "position": 0
    }
  },
  {
    "model": "nodes.edge",
    "pk": 12,
    "fields": {
      "created": "2021-08-10T07:34:55.755Z",
      "updated": "2021-08-10T07:34:59.053Z",
      "child": 14,
      "parent": 1,
      "position": 0
    }
  },
  {
    "model": "nodes.edge",
    "pk": 13,
    "fields": {
      "created": "2021-08-10T07:35:01.558Z",
      "updated": "2021-08-10T07:35:05.058Z",
      "child": 15,
      "parent": 1,
      "position": 0
    }
  },
  {
    "model": "nodes.edge",
    "pk": 14,
    "fields": {
      "created": "2021-08-10T07:35:50.306Z",
      "updated": "2021-08-10T07:36:58.312Z",
      "child": 18,
      "parent": 1,
      "position": 0
    }
  },
  {
    "model": "nodes.edge",
    "pk": 15,
    "fields": {
      "created": "2021-08-10T07:35:50.306Z",
      "updated": "2021-08-10T07:36:58.312Z",
      "child": 18,
      "parent": 17,
      "position": 1
    }
  },
  {
    "model": "nodes.edge",
    "pk": 16,
    "fields": {
      "created": "2021-08-11T09:10:15.616Z",
      "updated": "2021-08-11T09:14:29.745Z",
      "child": 20,
      "parent": 1,
      "position": 0
    }
  },
  {
    "model": "nodes.edge",
    "pk": 17,
    "fields": {
      "created": "2021-08-11T09:14:32.857Z",
      "updated": "2021-08-11T09:14:41.227Z",
      "child": 21,
      "parent": 1,
      "position": 0
    }
  },
  {
    "model": "nodes.edge",
    "pk": 18,
    "fields": {
      "created": "2021-08-11T09:14:32.857Z",
      "updated": "2021-08-11T09:14:41.227Z",
      "child": 21,
      "parent": 20,
      "position": 1
    }
  },
  {
    "model": "nodes.edge",
    "pk": 19,
    "fields": {
      "created": "2021-08-11T12:38:17.873Z",
      "updated": "2021-08-11T12:41:29.069Z",
      "child": 22,
      "parent": 1,
      "position": 0
    }
  },
  {
    "model": "nodes.edge",
    "pk": 20,
    "fields": {
      "created": "2021-08-11T12:38:17.873Z",
      "updated": "2021-08-11T12:41:29.069Z",
      "child": 22,
      "parent": 20,
      "position": 1
    }
  },
  {
    "model": "nodes.edge",
    "pk": 21,
    "fields": {
      "created": "2021-08-11T14:08:06.112Z",
      "updated": "2021-08-11T14:08:13.417Z",
      "child": 24,
      "parent": 23,
      "position": 0
    }
  },
  {
    "model": "nodes.edge",
    "pk": 22,
    "fields": {
      "created": "2021-09-10T15:59:04.409Z",
      "updated": "2021-09-10T15:59:15.610Z",
      "child": 26,
      "parent": 1,
      "position": 0
    }
  },
  {
    "model": "nodes.edge",
    "pk": 23,
    "fields": {
      "created": "2021-09-10T15:59:04.409Z",
      "updated": "2021-09-10T15:59:15.610Z",
      "child": 26,
      "parent": 20,
      "position": 1
    }
  },
  {
    "model": "nodes.edge",
    "pk": 26,
    "fields": {
      "created": "2021-12-03T23:51:19.570Z",
      "updated": "2021-12-03T23:51:19.570Z",
      "child": 30,
      "parent": 27,
      "position": 0
    }
  },
  {
    "model": "nodes.edge",
    "pk": 27,
    "fields": {
      "created": "2021-12-03T23:51:44.724Z",
      "updated": "2021-12-03T23:51:44.724Z",
      "child": 31,
      "parent": 30,
      "position": 0
    }
  },
  {
    "model": "nodes.edge",
    "pk": 28,
    "fields": {
      "created": "2021-12-03T23:52:05.973Z",
      "updated": "2021-12-03T23:52:05.973Z",
      "child": 29,
      "parent": 31,
      "position": 0
    }
  },
  {
    "model": "nodes.edge",
    "pk": 29,
    "fields": {
      "created": "2021-12-03T23:53:53.476Z",
      "updated": "2021-12-03T23:53:53.476Z",
      "child": 34,
      "parent": 32,
      "position": 0
    }
  },
  {
    "model": "nodes.edge",
    "pk": 30,
    "fields": {
      "created": "2021-12-03T23:54:57.247Z",
      "updated": "2021-12-03T23:54:57.247Z",
      "child": 35,
      "parent": 34,
      "position": 0
    }
  },
  {
    "model": "columns.aggregationcolumn",
    "pk": 1,
    "fields": {
      "created": "2021-08-30T19:30:10.265Z",
      "updated": "2021-08-30T19:30:10.265Z",
      "name": null,
      "rounding": 2,
      "currency": null,
      "is_percentage": false,
      "conditional_formatting": false,
      "positive_threshold": 0,
      "negative_threshold": 0,
      "sort_index": 0,
      "column": "bounce_rate",
      "function": "mean",
      "node": null,
      "widget": 1
    }
  },
  {
    "model": "columns.aggregationcolumn",
    "pk": 2,
    "fields": {
      "created": "2021-08-30T19:30:48.636Z",
      "updated": "2021-08-30T19:30:48.636Z",
      "name": null,
      "rounding": 2,
      "currency": null,
      "is_percentage": false,
      "conditional_formatting": false,
      "positive_threshold": 0,
      "negative_threshold": 0,
      "sort_index": 0,
      "column": "avg_session_duration",
      "function": "mean",
      "node": null,
      "widget": 1
    }
  },
  {
    "model": "columns.aggregationcolumn",
    "pk": 5,
    "fields": {
      "created": "2021-08-31T00:59:45.612Z",
      "updated": "2021-08-31T01:00:23.789Z",
      "name": null,
      "rounding": 2,
      "currency": null,
      "is_percentage": false,
      "conditional_formatting": false,
      "positive_threshold": 0,
      "negative_threshold": 0,
      "sort_index": 0,
      "column": "Employees",
      "function": "sum",
      "node": null,
      "widget": 3
    }
  },
  {
    "model": "columns.formulacolumn",
    "pk": 1,
    "fields": {
      "created": "2021-12-03T23:54:22.018Z",
      "updated": "2021-12-03T23:54:22.018Z",
      "node": 34,
      "formula": "coalesce(Alex, 0)",
      "label": "Alex"
    }
  },
  {
    "model": "columns.formulacolumn",
    "pk": 2,
    "fields": {
      "created": "2021-12-03T23:54:48.730Z",
      "updated": "2021-12-03T23:54:48.730Z",
      "node": 34,
      "formula": "coalesce(Matt, 0)",
      "label": "Matt"
    }
  },
  {
    "model": "columns.formulacolumn",
    "pk": 3,
    "fields": {
      "created": "2021-12-03T23:54:48.738Z",
      "updated": "2021-12-03T23:54:48.738Z",
      "node": 34,
      "formula": "coalesce(Kanar, 0)",
      "label": "Kanar"
    }
  },
  {
    "model": "columns.formulacolumn",
    "pk": 4,
    "fields": {
      "created": "2021-12-03T23:54:48.747Z",
      "updated": "2021-12-03T23:54:48.747Z",
      "node": 34,
      "formula": "coalesce(Floris, 0)",
      "label": "Floris"
    }
  },
  {
    "model": "uploads.upload",
    "pk": 1,
    "fields": {
      "created": "2021-07-27T13:17:27.984Z",
      "updated": "2021-07-27T13:17:27.987Z",
      "integration": 1,
      "file_gcs_path": "cypress/integrations/store_info-1627391842010578.csv",
      "field_delimiter": "comma"
    }
  },
  {
    "model": "uploads.upload",
    "pk": 2,
    "fields": {
      "created": "2021-08-10T07:30:01.223Z",
      "updated": "2021-08-10T07:30:05.253Z",
      "integration": 3,
      "file_gcs_path": "cypress/integrations/store_info-1628580600032663.csv",
      "field_delimiter": "comma"
    }
  },
  {
    "model": "uploads.upload",
    "pk": 3,
    "fields": {
      "created": "2021-08-10T07:32:04.910Z",
      "updated": "2021-08-10T07:32:09.105Z",
      "integration": 4,
      "file_gcs_path": "cypress/integrations/revenue-1628580724160651.csv",
      "field_delimiter": "comma"
    }
  },
  {
    "model": "uploads.upload",
    "pk": 4,
    "fields": {
      "created": "2021-08-11T14:07:41.028Z",
      "updated": "2021-08-11T14:07:44.921Z",
      "integration": 5,
      "file_gcs_path": "cypress/integrations/pivot-1628690860210745.csv",
      "field_delimiter": "comma"
    }
  },
  {
    "model": "uploads.upload",
    "pk": 6,
    "fields": {
      "created": "2021-08-31T00:58:18.465Z",
      "updated": "2021-08-31T00:58:23.827Z",
      "integration": 14,
      "file_gcs_path": "cypress/integrations/store_info-16303714979454799.csv",
      "field_delimiter": "comma"
    }
  },
  {
    "model": "sheets.sheet",
    "pk": 1,
    "fields": {
      "created": "2021-08-08T20:28:24.090Z",
      "updated": "2021-12-03T23:55:23.784Z",
      "integration": 2,
      "url": "https://docs.google.com/spreadsheets/d/1mfauospJlft0B304j7em1vcyE1QKKVMhZjyLfIAnvmU/edit",
      "sheet_name": null,
      "cell_range": "store_info!A1:D11",
      "drive_file_last_modified_at_sync": "2021-08-08T16:46:04.194Z",
      "drive_modified_date": "2021-10-21T20:18:31.669Z"
    }
  },
  {
    "model": "runs.jobrun",
    "pk": 1,
    "fields": {
      "created": "2021-12-08T15:16:24.045Z",
      "updated": "2021-12-08T15:16:24.045Z",
      "state": "success",
      "started_at": "2021-08-31T00:58:20.370Z",
      "completed_at": "2021-08-31T00:58:25.370Z",
      "user": null,
      "task_id": "b157cb85-ba71-4a56-983e-7cf7a6b09e73",
      "result": null,
      "source": "integration",
      "integration": 14,
      "workflow": null,
      "graph_run": null
    }
  },
  {
    "model": "runs.jobrun",
    "pk": 2,
    "fields": {
      "created": "2021-12-08T15:16:24.049Z",
      "updated": "2021-12-08T15:16:24.049Z",
      "state": "success",
      "started_at": "2021-08-30T19:05:46.412Z",
      "completed_at": "2021-08-30T19:05:51.412Z",
      "user": null,
      "task_id": "046b5f1f-d1c7-4546-af58-b9ba9fd961b2",
      "result": null,
      "source": "integration",
      "integration": 13,
      "workflow": null,
      "graph_run": null
    }
  },
  {
    "model": "runs.jobrun",
    "pk": 3,
    "fields": {
      "created": "2021-12-08T15:16:24.050Z",
      "updated": "2021-12-08T15:16:24.050Z",
      "state": "success",
      "started_at": "2021-08-11T14:07:41.043Z",
      "completed_at": "2021-08-11T14:07:46.043Z",
      "user": null,
      "task_id": "232cd31d-a6e6-4e67-95ff-5afd45560277",
      "result": null,
      "source": "integration",
      "integration": 5,
      "workflow": null,
      "graph_run": null
    }
  },
  {
    "model": "runs.jobrun",
    "pk": 4,
    "fields": {
      "created": "2021-12-08T15:16:24.051Z",
      "updated": "2021-12-08T15:16:24.051Z",
      "state": "success",
      "started_at": "2021-08-10T07:32:04.919Z",
      "completed_at": "2021-08-10T07:32:09.919Z",
      "user": null,
      "task_id": "d0e6091d-7343-4cfb-9d38-92a59cad92b3",
      "result": null,
      "source": "integration",
      "integration": 4,
      "workflow": null,
      "graph_run": null
    }
  },
  {
    "model": "runs.jobrun",
    "pk": 5,
    "fields": {
      "created": "2021-12-08T15:16:24.052Z",
      "updated": "2021-12-08T15:16:24.052Z",
      "state": "success",
      "started_at": "2021-08-10T07:30:01.347Z",
      "completed_at": "2021-08-10T07:30:06.347Z",
      "user": null,
      "task_id": "1a2e3e76-3a94-4284-8d7d-48f604690ffc",
      "result": null,
      "source": "integration",
      "integration": 3,
      "workflow": null,
      "graph_run": null
    }
  },
  {
    "model": "runs.jobrun",
    "pk": 6,
    "fields": {
      "created": "2021-12-08T15:16:24.054Z",
      "updated": "2021-12-08T15:16:24.054Z",
      "state": "success",
      "started_at": "2021-08-08T20:28:24.090Z",
      "completed_at": "2021-08-08T20:28:29.090Z",
      "user": null,
      "task_id": "aa5c3086-1f87-434f-9d5b-48bd69786b33",
      "result": null,
      "source": "integration",
      "integration": 2,
      "workflow": null,
      "graph_run": null
    }
  },
  {
    "model": "runs.jobrun",
    "pk": 7,
    "fields": {
      "created": "2021-12-08T15:16:24.055Z",
      "updated": "2021-12-08T15:16:24.055Z",
      "state": "success",
      "started_at": "2021-07-27T13:17:27.984Z",
      "completed_at": "2021-07-27T13:17:32.984Z",
      "user": null,
      "task_id": "df9e7627-b19a-4400-b0e8-894ca1ff9124",
      "result": null,
      "source": "integration",
      "integration": 1,
      "workflow": null,
      "graph_run": null
    }
  },
  {
    "model": "runs.jobrun",
    "pk": 8,
    "fields": {
      "created": "2021-12-13T22:47:58.099Z",
      "updated": "2021-12-13T22:47:58.099Z",
      "state": "success",
      "started_at": "2021-12-03T23:55:06.732Z",
      "completed_at": "2021-12-03T23:55:11.732Z",
      "user": null,
      "task_id": null,
      "result": null,
      "source": "workflow",
      "integration": null,
      "workflow": 3,
      "graph_run": null
    }
  },
  {
    "model": "runs.jobrun",
    "pk": 9,
    "fields": {
      "created": "2021-12-13T22:47:58.102Z",
      "updated": "2021-12-13T22:47:58.102Z",
      "state": "success",
      "started_at": "2021-12-03T23:52:53.722Z",
      "completed_at": "2021-12-03T23:52:58.722Z",
      "user": null,
      "task_id": null,
      "result": null,
      "source": "workflow",
      "integration": null,
      "workflow": 2,
      "graph_run": null
    }
  },
  {
    "model": "runs.jobrun",
    "pk": 10,
    "fields": {
      "created": "2021-12-16T01:46:42.564Z",
      "updated": "2023-03-18T23:39:28.870Z",
      "state": "success",
      "started_at": "2021-12-16T01:46:42.563Z",
      "completed_at": "2021-12-16T01:46:46.036Z",
      "user": 1,
      "task_id": "32f7a738-c597-4aae-9429-303873aaad18",
      "result": 1,
      "source": "integration",
      "integration": 15,
      "workflow": null,
      "graph_run": null
    }
  },
  {
    "model": "customapis.customapi",
    "pk": 1,
    "fields": {
      "created": "2021-12-16T01:46:40.573Z",
      "updated": "2021-12-16T01:46:43.169Z",
      "integration": 15,
      "url": "https://jsonplaceholder.typicode.com/todos",
      "json_path": "$",
      "ndjson_file": "cypress/custom_api_jsonnl/customapi_1.ndjson",
      "http_request_method": "GET",
      "authorization": "no_auth",
      "api_key_key": null,
      "api_key_value": null,
      "api_key_add_to": "http_header",
      "bearer_token": null,
      "username": null,
      "password": null,
      "oauth2": null,
      "body": "none",
      "body_raw": null,
      "body_binary": ""
    }
  },
  {
    "model": "account.emailaddress",
    "pk": 1,
    "fields": {
      "user": 1,
      "email": "test@gyana.com",
      "verified": true,
      "primary": true
    }
  },
  {
    "model": "account.emailaddress",
    "pk": 2,
    "fields": {
      "user": 3,
      "email": "alone@gyana.com",
      "verified": true,
      "primary": true
    }
  },
  {
    "model": "account.emailaddress",
    "pk": 3,
    "fields": {
      "user": 2,
      "email": "admin@gyana.com",
      "verified": true,
      "primary": true
    }
  },
  {
    "model": "socialaccount.socialapp",
    "pk": 1,
    "fields": {
      "provider": "google",
      "name": "Google",
      "client_id": "766404612569-gn5hok52al6q1ob04rfmha8k4bns09me.apps.googleusercontent.com",
      "secret": "l9xbaHAi5xf4WuRji3PiTq-z",
      "key": "",
      "sites": [1]
    }
  },
  {
    "model": "django_celery_beat.crontabschedule",
    "pk": 1,
    "fields": {
      "minute": "0",
      "hour": "0",
      "day_of_week": "*",
      "day_of_month": "*",
      "month_of_year": "*",
      "timezone": "GMT"
    }
  },
  {
    "model": "django_celery_beat.periodictasks",
    "pk": 1,
    "fields": {
      "last_update": "2023-03-18T23:39:28.862Z"
    }
  },
  {
    "model": "django_celery_beat.periodictask",
    "pk": 1,
    "fields": {
      "name": "schedule.project.pk=1",
      "task": "apps.projects.periodic.run_schedule_for_project",
      "interval": null,
      "crontab": 1,
      "solar": null,
      "clocked": null,
      "args": "[1]",
      "kwargs": "{}",
      "queue": null,
      "exchange": null,
      "routing_key": null,
      "headers": "{}",
      "priority": null,
      "expires": null,
      "expire_seconds": null,
      "one_off": false,
      "start_time": null,
      "enabled": true,
      "last_run_at": null,
      "total_run_count": 0,
      "date_changed": "2021-12-03T23:55:23.828Z",
      "description": ""
    }
  },
  {
    "model": "django_celery_results.taskresult",
    "pk": 1,
    "fields": {
      "task_id": "32f7a738-c597-4aae-9429-303873aaad18",
      "periodic_task_name": null,
      "task_name": "apps.customapis.tasks.run_customapi_sync_task",
      "task_args": "\"(10,)\"",
      "task_kwargs": "\"{}\"",
      "status": "SUCCESS",
      "worker": "celery@192.168.1.150",
      "content_type": "application/json",
      "content_encoding": "utf-8",
      "result": "15",
      "date_created": "2021-12-16T01:46:46.036Z",
      "date_done": "2021-12-16T01:46:46.036Z",
      "traceback": null,
      "meta": "{\"children\": []}"
    }
  }
]
